application_number,examiner_id,au,app_filing_date,app_last_action_date,app_disposal_type,gender,race,examiner_earliest_date,processing_time,au_group,tenure,latest_action_date_x,latest_action_date_y,latest_action_date,degree,betweenness,closeness,degree_weighted_by_tenure,app_proc_time,num_applications
13122597,62160.0,162,2011-06-20,2014-10-15,ISS,female,Asian,2000-01-10,1213,162,5392,2017-05-23,2014-10-15,2014-10-15,,,,,1213,2
11442804,62095.0,179,2006-05-30,2009-07-10,ABN,male,white,2004-12-15,1137,179,1981,2017-05-23,2010-05-19,2010-05-19,,,,,1450,2
13395606,62475.0,162,2012-05-25,2015-08-12,ISS,female,white,2005-06-28,1174,162,4313,2017-05-20,2017-04-19,2017-04-19,,,,,1790,2
14968931,65135.0,179,2015-12-15,2017-02-23,PEND,female,white,2000-05-03,436,179,6140,2017-05-17,2017-02-23,2017-02-23,,,,,436,2
10567998,93553.0,179,2006-02-10,2007-11-21,ABN,male,Asian,2000-01-21,649,179,5329,2017-05-19,2014-08-24,2014-08-24,0.007042253521126761,0.0,0.1173828686404139,6036.0,3117,1
12402259,97520.0,162,2009-03-11,2011-11-08,ABN,female,white,2002-02-25,972,162,4382,2017-05-22,2014-02-24,2014-02-24,0.007042253521126761,0.0,0.009389671361502348,4249.0,1811,6
11866112,75563.0,179,2007-10-02,2009-02-11,ISS,female,white,2000-01-06,498,179,5970,2017-05-23,2016-05-11,2016-05-11,,,,,3144,3
14686535,99368.0,162,2015-04-14,2016-02-03,ISS,male,white,2003-03-31,295,162,4692,2017-05-22,2016-02-03,2016-02-03,,,,,295,2
12992270,96069.0,162,2011-02-24,2012-07-02,ABN,male,white,2004-07-28,494,162,3724,2017-05-18,2014-10-08,2014-10-08,,,,,1322,3
11898694,70248.0,179,2007-09-14,2014-10-10,ISS,female,white,2000-01-12,2583,179,5385,2017-05-23,2014-10-10,2014-10-10,0.007042253521126761,0.0,0.007042253521126761,2281.0,2583,1
13587982,92869.0,162,2012-08-17,2014-02-21,ABN,female,white,2002-07-08,553,162,4523,2017-05-19,2014-11-25,2014-11-25,,,,,830,5
11938940,65530.0,179,2007-11-13,2010-05-12,ISS,female,Asian,2000-01-03,911,179,6054,2017-05-18,2016-07-31,2016-07-31,,,,,3183,1
11661759,72103.0,179,2007-03-02,2009-12-22,ABN,male,Asian,2005-02-22,1026,179,4180,2017-05-20,2016-08-03,2016-08-03,,,,,3442,1
12531394,93677.0,162,2009-09-15,2013-05-22,ISS,male,white,2000-01-04,1345,162,6186,2017-11-08,2016-12-11,2016-12-11,,,,,2644,4
12665045,88110.0,162,2009-12-17,2013-01-16,ISS,female,white,2000-01-11,1126,162,6292,2017-05-23,2017-04-03,2017-04-03,,,,,2664,10
11476885,66251.0,179,2006-06-29,2015-02-27,ISS,female,white,2003-03-14,3165,179,4368,2017-04-14,2015-02-27,2015-02-27,0.02112676056338028,0.009578705847809831,0.15103091194871637,13104.0,3165,4
11234013,72666.0,179,2005-09-23,2016-06-03,ISS,male,white,2000-01-03,3906,179,5996,2017-05-20,2016-06-03,2016-06-03,0.02112676056338028,0.004894615922485267,0.0848968348838418,14690.0,3906,2
13258262,69780.0,179,2011-09-21,2016-12-14,ISS,female,white,2002-10-21,1911,179,5168,2017-05-19,2016-12-14,2016-12-14,0.007042253521126761,0.0,0.10363532546631138,5168.0,1911,2
11456124,99249.0,179,2006-07-07,2009-11-08,ABN,female,white,2000-01-06,1220,179,5179,2017-05-19,2014-03-12,2014-03-12,,,,,2805,3
11720176,66251.0,179,2007-11-13,2015-02-13,ISS,female,white,2003-03-14,2649,179,4368,2017-04-14,2015-02-27,2015-02-27,0.02112676056338028,0.009578705847809831,0.15103091194871637,13104.0,2663,4
11500700,65928.0,179,2006-08-08,2012-08-29,ISS,female,white,2000-04-11,2213,179,4523,2017-05-19,2012-08-29,2012-08-29,,,,,2213,1
13151925,60302.0,162,2011-06-02,2012-06-20,ISS,male,white,2003-05-20,384,162,3319,2017-05-23,2012-06-20,2012-06-20,,,,,384,1
13039194,66180.0,162,2011-03-02,2013-05-07,ABN,male,white,2006-12-27,797,162,2323,2017-05-19,2013-05-07,2013-05-07,,,,,797,1
11764172,90096.0,162,2007-06-15,2008-10-23,ABN,male,Hispanic,2000-01-05,496,162,6342,2017-05-18,2017-05-17,2017-05-17,,,,,3624,4
13707130,97819.0,162,2012-12-06,2015-07-29,ISS,male,white,2004-09-29,965,162,3955,2017-05-22,2015-07-29,2015-07-29,,,,,965,4
10708186,77915.0,179,2004-02-13,2010-02-16,ABN,male,white,2000-01-13,2195,179,6130,2017-05-23,2016-10-25,2016-10-25,,,,,4638,2
13606691,95446.0,162,2012-09-07,2013-11-13,ISS,male,white,2002-03-27,432,162,4249,2017-04-28,2013-11-13,2013-11-13,0.014084507042253521,9.989012086704625e-05,0.014084507042253521,8498.0,432,2
10657483,69209.0,179,2003-09-08,2016-08-19,ISS,male,white,2000-01-05,4729,179,6071,2017-05-23,2016-08-19,2016-08-19,,,,,4729,3
10062724,99578.0,162,2002-02-05,2002-07-03,ISS,male,white,2000-01-05,148,162,4702,2017-02-24,2012-11-19,2012-11-19,,,,,3940,2
11596816,97560.0,179,2006-11-17,2009-12-30,ISS,female,Asian,2000-01-04,1139,179,4157,2017-05-05,2011-05-23,2011-05-23,0.007042253521126761,0.0,0.009389671361502348,2162.0,1648,3
10927437,69464.0,179,2004-08-25,2008-04-21,ABN,male,Asian,2000-04-19,1335,179,3876,2017-04-07,2010-11-29,2010-11-29,0.007042253521126761,0.0,0.007042253521126761,3876.0,2287,1
11763410,93677.0,162,2007-06-14,2010-01-25,ABN,male,white,2000-01-04,956,162,6186,2017-11-08,2016-12-11,2016-12-11,,,,,3468,4
12486361,68339.0,162,2009-06-17,2012-04-11,ISS,female,white,2003-03-13,1029,162,5055,2017-05-23,2017-01-13,2017-01-13,0.007042253521126761,0.0,0.007042253521126761,6341.0,2767,2
11462851,99721.0,162,2006-08-07,2010-04-14,ISS,female,white,2000-01-21,1346,162,5964,2017-05-19,2016-05-20,2016-05-20,,,,,3574,5
12226222,77348.0,162,2008-10-10,2012-01-26,ABN,female,white,2000-01-03,1203,162,5352,2017-04-14,2014-08-29,2014-08-29,0.007042253521126761,0.0,0.009389671361502348,2078.0,2149,4
13522081,87663.0,162,2012-08-17,2016-02-09,ABN,female,Hispanic,2004-01-30,1271,162,4393,2017-05-19,2016-02-09,2016-02-09,,,,,1271,2
11683597,72955.0,179,2007-03-08,2010-04-15,ABN,male,Asian,2005-12-16,1134,179,1581,2017-05-23,2010-04-15,2010-04-15,,,,,1134,1
09551642,61926.0,162,2000-04-18,2014-03-07,ISS,male,white,2000-01-12,5071,162,5168,2015-02-20,2014-03-07,2014-03-07,,,,,5071,1
13138292,75198.0,179,2011-09-21,2016-08-05,ABN,male,white,2005-04-22,1780,179,4228,2017-05-19,2016-11-18,2016-11-18,,,,,1885,2
11511981,59632.0,162,2006-08-28,2015-09-11,ISS,female,white,2000-01-18,3301,162,6203,2017-05-23,2017-01-11,2017-01-11,,,,,3789,3
10723536,97187.0,179,2003-11-24,2009-04-08,ISS,male,white,2000-01-19,1962,179,6048,2017-05-19,2016-08-10,2016-08-10,0.007042253521126761,0.0,0.09680382434861623,5146.0,4643,2
10565148,97588.0,179,2006-01-19,2008-10-23,ABN,female,white,2004-01-13,1008,179,1745,2016-10-28,2008-10-23,2008-10-23,,,,,1008,1
14740808,64624.0,162,2015-06-16,2016-12-07,ISS,male,white,2007-07-18,540,162,3579,2017-05-19,2017-05-05,2017-05-05,,,,,689,2
12720803,92121.0,162,2010-03-10,2013-12-29,ABN,female,white,2003-07-09,1390,162,3826,2017-05-22,2013-12-29,2013-12-29,,,,,1390,1
10555061,60321.0,162,2005-10-28,2013-06-21,ISS,male,white,2001-03-16,2793,162,5570,2017-05-23,2016-06-15,2016-06-15,,,,,3883,4
12038597,96267.0,179,2008-02-27,2010-06-09,ISS,male,Hispanic,2005-10-14,833,179,4156,2017-05-23,2017-03-01,2017-03-01,,,,,3290,1
13135178,94609.0,162,2011-06-27,2013-02-20,ABN,male,white,2006-11-21,604,162,3815,2017-05-20,2017-05-02,2017-05-02,,,,,2136,4
10551552,61141.0,179,2006-01-17,2010-09-29,ABN,female,white,2003-11-24,1716,179,4879,2017-05-19,2017-04-03,2017-04-03,,,,,4094,1
10603279,74579.0,179,2003-06-25,2009-04-15,ISS,male,Asian,2001-02-09,2121,179,5108,2017-05-23,2015-02-04,2015-02-04,0.035211267605633804,0.03156527819398662,0.16051424828037994,26281.0,4242,3
14710469,60872.0,162,2015-05-12,2016-12-27,ABN,male,white,2003-09-04,595,162,4863,2017-05-19,2016-12-27,2016-12-27,,,,,595,2
11786817,99587.0,179,2007-04-13,2009-06-03,ISS,male,white,2000-01-14,782,179,5093,2017-05-23,2013-12-24,2013-12-24,,,,,2447,1
10113907,99518.0,179,2002-03-29,2009-12-29,ABN,male,white,2000-01-11,2832,179,5174,2017-05-23,2014-03-12,2014-03-12,0.04225352112676056,0.05816919570290861,0.14972044850447586,31044.0,4366,1
12074568,94163.0,179,2008-03-05,2009-06-25,ABN,male,white,2004-03-10,477,179,3579,2017-05-23,2013-12-27,2013-12-27,,,,,2123,2
11055248,72941.0,162,2005-02-10,2017-03-31,ISS,female,Asian,2002-07-26,4432,162,5411,2017-05-19,2017-05-19,2017-05-19,,,,,4481,4
10505713,71510.0,162,2004-08-24,2009-03-16,ABN,female,white,2003-06-03,1665,162,2113,2017-05-19,2009-03-16,2009-03-16,,,,,1665,1
11449429,98163.0,179,2006-06-08,2010-01-12,ABN,male,Asian,2000-01-11,1314,179,5846,2017-05-23,2016-01-13,2016-01-13,,,,,3506,2
12237014,93313.0,162,2008-09-24,2010-12-22,ISS,male,white,2000-10-06,819,162,4639,2017-05-19,2013-06-19,2013-06-19,,,,,1729,6
11606137,93014.0,179,2006-11-30,2010-08-20,ABN,male,Asian,2003-05-28,1359,179,4401,2017-05-19,2015-06-15,2015-06-15,,,,,3119,1
13864457,65536.0,162,2013-04-17,2015-07-08,ISS,female,Asian,2000-01-07,812,162,6158,2017-05-22,2016-11-16,2016-11-16,,,,,1309,5
10243768,61600.0,162,2002-09-16,2014-05-02,ISS,male,white,2001-03-06,4246,162,4805,2017-05-12,2014-05-02,2014-05-02,,,,,4246,3
12384146,82563.0,179,2009-04-01,2010-02-24,ISS,male,white,2000-01-05,329,179,5523,2017-05-22,2015-02-18,2015-02-18,0.007042253521126761,0.0,0.14843253066787823,6216.0,2149,1
12214597,68311.0,162,2008-06-20,2010-11-04,ABN,male,white,2001-02-14,867,162,5857,2017-05-19,2017-02-27,2017-02-27,,,,,3174,3
14873858,66738.0,179,2015-10-02,2016-10-04,PEND,female,white,2005-02-22,368,179,4467,2017-05-19,2017-05-17,2017-05-17,,,,,593,3
12939527,97520.0,162,2010-11-04,2012-12-22,ISS,female,white,2002-02-25,779,162,4382,2017-05-22,2014-02-24,2014-02-24,0.007042253521126761,0.0,0.009389671361502348,4249.0,1208,6
10734426,63188.0,179,2003-12-12,2008-04-28,ABN,male,white,2000-01-03,1599,179,3787,2015-12-24,2010-05-17,2010-05-17,0.014084507042253521,0.0,0.13943661971830987,9978.0,2348,2
11879996,97637.0,162,2007-07-19,2009-08-19,ISS,female,white,2000-01-03,762,162,3516,2017-03-10,2009-08-19,2009-08-19,,,,,762,2
12182524,96654.0,179,2008-07-30,2013-11-01,ABN,male,white,2004-05-26,1920,179,3446,2015-10-07,2013-11-01,2013-11-01,,,,,1920,2
14549777,98205.0,162,2014-11-21,2016-12-14,ISS,male,white,2000-01-03,754,162,6190,2017-05-22,2016-12-14,2016-12-14,,,,,754,3
10943315,61417.0,162,2004-09-17,2005-09-15,ABN,female,white,2000-01-07,363,162,2078,2017-05-19,2005-09-15,2005-09-15,0.014084507042253521,9.989012086704625e-05,0.014084507042253521,4156.0,363,3
10624419,70017.0,162,2003-07-22,2013-08-09,ISS,female,Asian,2000-01-10,3671,162,4960,2017-03-24,2013-08-09,2013-08-09,,,,,3671,2
14793829,81959.0,162,2015-07-08,2016-03-23,ISS,male,white,2000-01-07,259,162,6341,2017-05-23,2017-05-18,2017-05-18,0.02112676056338028,0.0,0.007042253521126761,12682.0,680,3
11138726,97520.0,162,2005-05-26,2007-02-28,ISS,female,white,2002-02-25,643,162,4382,2017-05-22,2014-02-24,2014-02-24,0.007042253521126761,0.0,0.009389671361502348,4249.0,3196,6
13679840,95721.0,179,2012-11-16,2016-01-06,ABN,female,white,2004-01-27,1146,179,4362,2017-05-23,2016-01-06,2016-01-06,,,,,1146,1
11029774,75606.0,179,2005-01-05,2009-04-01,ISS,male,white,2000-01-06,1547,179,6168,2017-05-20,2016-11-25,2016-11-25,,,,,4342,2
11185766,96714.0,179,2005-07-13,2009-08-03,ABN,male,white,2002-05-13,1482,179,2639,2017-05-23,2009-08-03,2009-08-03,,,,,1482,1
11709183,63428.0,179,2007-02-21,2009-11-04,ISS,male,Hispanic,2002-08-01,987,179,2652,2017-05-22,2009-11-04,2009-11-04,,,,,987,1
10505468,65962.0,162,2004-08-20,2008-05-22,ABN,male,Asian,2001-02-05,1371,162,5876,2017-05-19,2017-03-09,2017-03-09,0.007042253521126761,0.0,0.009389671361502348,4479.0,4584,1
15122977,88110.0,162,2016-09-01,2017-04-03,PEND,female,white,2000-01-11,214,162,6292,2017-05-23,2017-04-03,2017-04-03,,,,,214,10
14901940,60397.0,179,2015-12-29,2017-05-23,PEND,male,white,2000-01-06,511,179,6347,2017-05-23,2017-05-23,2017-05-23,,,,,511,2
10580011,88110.0,162,2006-05-19,2016-09-09,ISS,female,white,2000-01-11,3766,162,6292,2017-05-23,2017-04-03,2017-04-03,,,,,3972,10
11214363,60400.0,179,2005-08-29,2009-04-23,ABN,female,Asian,2000-01-14,1333,179,5859,2017-05-22,2016-01-29,2016-01-29,0.007042253521126761,0.0,0.009389671361502348,5609.0,3805,1
11543248,69209.0,179,2006-10-04,2009-11-04,ABN,male,white,2000-01-05,1127,179,6071,2017-05-23,2016-08-19,2016-08-19,,,,,3607,3
10656684,78379.0,179,2003-09-05,2009-07-22,ISS,male,white,2001-11-30,2147,179,2791,2017-05-12,2009-07-22,2009-07-22,,,,,2147,1
12941682,72919.0,162,2010-11-08,2012-11-01,ABN,male,white,2002-01-14,724,162,3944,2017-05-19,2012-11-01,2012-11-01,,,,,724,1
10903946,92715.0,179,2004-07-30,2016-10-21,ISS,male,white,2000-01-07,4466,179,6132,2017-05-19,2016-10-21,2016-10-21,,,,,4466,3
11484931,95010.0,179,2006-07-12,2009-09-02,ISS,female,white,2003-12-08,1148,179,4286,2017-05-23,2015-09-02,2015-09-02,0.007042253521126761,0.0,0.007042253521126761,4286.0,3339,1
15254944,68166.0,162,2016-09-01,2017-04-18,PEND,female,Asian,2000-01-11,229,162,6307,2017-05-22,2017-04-18,2017-04-18,0.007042253521126761,0.0,0.009389671361502348,4249.0,229,3
13522767,59447.0,179,2012-11-16,2017-04-13,PEND,female,white,2001-12-04,1609,179,5609,2017-05-23,2017-04-13,2017-04-13,0.014084507042253521,9.989012086704625e-05,0.014084507042253521,11218.0,1609,2
12374486,97520.0,162,2009-01-21,2012-02-25,ABN,female,white,2002-02-25,1130,162,4382,2017-05-22,2014-02-24,2014-02-24,0.007042253521126761,0.0,0.009389671361502348,4249.0,1860,6
11573468,86683.0,179,2007-02-09,2010-08-09,ABN,male,white,2004-01-15,1277,179,4547,2017-05-18,2016-06-27,2016-06-27,,,,,3426,1
10511593,86201.0,179,2005-06-21,2007-12-06,ABN,male,white,2000-01-05,898,179,6259,2017-05-23,2017-02-23,2017-02-23,0.014084507042253521,0.06432923783837778,0.1304747197742219,9924.0,4265,1
10562007,92143.0,179,2005-12-23,2009-09-21,ABN,female,white,2000-03-06,1368,179,6036,2017-05-19,2016-09-14,2016-09-14,0.04225352112676056,0.03359486383160342,0.14085944236849668,36216.0,3918,1
12295306,69010.0,162,2008-09-30,2015-10-23,ISS,male,white,2000-01-19,2579,162,5756,2017-04-28,2015-10-23,2015-10-23,,,,,2579,2
14898205,80908.0,179,2015-12-14,2016-03-30,PEND,male,white,2004-02-03,107,179,4700,2017-05-23,2016-12-16,2016-12-16,0.014084507042253521,0.009789231844970533,0.0861686975787308,9400.0,368,1
13055472,95446.0,162,2011-01-24,2013-09-18,ISS,male,white,2002-03-27,968,162,4249,2017-04-28,2013-11-13,2013-11-13,0.014084507042253521,9.989012086704625e-05,0.014084507042253521,8498.0,1024,2
11216485,98045.0,179,2005-08-31,2008-06-30,ABN,male,white,2004-03-18,1034,179,1642,2017-05-12,2008-09-15,2008-09-15,0.035211267605633804,0.11836979322744981,0.15202891356952286,8210.0,1111,2
13023257,93313.0,162,2011-02-08,2012-04-11,ISS,male,white,2000-10-06,428,162,4639,2017-05-19,2013-06-19,2013-06-19,,,,,862,6
11375789,63577.0,179,2006-03-15,2009-06-08,ABN,male,white,2001-04-09,1181,179,2982,2017-05-19,2009-06-08,2009-06-08,0.02112676056338028,0.010474041325105156,0.14028684300927516,8946.0,1181,1
12742904,97520.0,162,2010-09-23,2014-02-24,ABN,female,white,2002-02-25,1250,162,4382,2017-05-22,2014-02-24,2014-02-24,0.007042253521126761,0.0,0.009389671361502348,4249.0,1250,6
11033887,62024.0,179,2005-01-13,2008-03-05,ISS,male,white,2002-12-11,1147,179,1911,2016-08-26,2008-03-05,2008-03-05,0.007042253521126761,0.0,0.007042253521126761,4549.0,1147,1
10485515,68166.0,162,2004-02-02,2011-06-27,ISS,female,Asian,2000-01-11,2702,162,6307,2017-05-22,2017-04-18,2017-04-18,0.007042253521126761,0.0,0.009389671361502348,4249.0,4824,3
15037240,62661.0,162,2016-05-17,2016-07-16,PEND,female,white,2000-03-10,60,162,6249,2017-05-23,2017-04-19,2017-04-19,,,,,337,5
13061239,65537.0,162,2011-02-28,2015-02-25,ISS,male,white,2003-01-10,1458,162,4429,2017-05-23,2015-02-25,2015-02-25,0.007042253521126761,0.0,0.007042253521126761,5963.0,1458,3
11137514,69680.0,179,2005-05-26,2008-03-27,ABN,male,Asian,2004-04-05,1036,179,1452,2016-11-25,2008-03-27,2008-03-27,0.014084507042253521,0.008708753704258648,0.14085944236849668,2904.0,1036,1
11153686,69539.0,179,2005-06-15,2008-04-23,ISS,male,Asian,2000-01-07,1043,179,5117,2017-05-23,2014-01-10,2014-01-10,,,,,3131,2
12764550,60764.0,162,2010-04-21,2012-10-05,ABN,female,white,2004-04-16,898,162,3542,2017-05-22,2013-12-27,2013-12-27,,,,,1346,3
13738410,65888.0,162,2013-01-10,2015-11-24,ISS,female,white,2004-12-09,1048,162,4002,2017-05-23,2015-11-24,2015-11-24,,,,,1048,2
11007151,66786.0,162,2004-12-08,2007-11-13,ABN,male,white,2000-01-11,1070,162,6077,2017-05-22,2016-08-31,2016-08-31,,,,,4284,1
12042772,85940.0,179,2008-03-05,2010-01-19,ABN,female,white,2003-08-27,685,179,4655,2017-05-23,2016-05-25,2016-05-25,,,,,3003,1
15216066,71762.0,179,2016-07-21,2016-11-08,PEND,female,Asian,2000-03-15,110,179,6082,2017-05-18,2016-11-08,2016-11-08,0.02112676056338028,0.07517745631320699,0.17974251760563378,17619.0,110,1
10891395,60593.0,179,2004-07-14,2007-11-19,ABN,female,white,2003-05-06,1223,179,1658,2016-07-08,2007-11-19,2007-11-19,,,,,1223,1
13429755,73094.0,162,2012-03-26,2014-02-05,ISS,male,white,2000-01-18,681,162,5409,2017-05-23,2014-11-09,2014-11-09,,,,,958,2
11572948,98771.0,162,2007-01-30,2010-10-10,ABN,male,white,2003-02-14,1349,162,5208,2017-05-22,2017-05-19,2017-05-19,,,,,3762,4
15118507,60837.0,179,2016-08-12,2017-04-17,PEND,female,white,2000-03-22,248,179,6235,2017-05-20,2017-04-17,2017-04-17,0.02112676056338028,0.0295820052487718,0.14172715967261473,18705.0,248,2
09841738,96388.0,162,2001-04-24,2014-06-06,ISS,male,white,2000-01-10,4791,162,5261,2016-11-10,2014-06-06,2014-06-06,,,,,4791,2
12863775,93677.0,162,2010-07-21,2011-11-09,ISS,male,white,2000-01-04,476,162,6186,2017-11-08,2016-12-11,2016-12-11,,,,,2335,4
11074931,95065.0,179,2005-03-09,2009-09-23,ISS,male,white,2000-01-07,1659,179,4282,2017-05-12,2011-09-28,2011-09-28,0.007042253521126761,0.0,0.007042253521126761,4286.0,2394,2
11075803,93896.0,179,2005-03-10,2012-12-24,ISS,female,white,2002-05-21,2846,179,5455,2017-05-23,2017-04-27,2017-04-27,0.06338028169014084,0.12277183409937376,0.18604077293952392,49095.0,4431,3
11357845,72165.0,179,2006-02-21,2009-06-21,ABN,male,white,2000-01-07,1216,179,6256,2017-05-23,2017-02-22,2017-02-22,,,,,4019,2
14232915,96527.0,162,2014-01-15,2017-01-04,ISS,female,white,2002-01-29,1085,162,5454,2017-05-19,2017-01-04,2017-01-04,,,,,1085,2
11535790,74331.0,179,2006-09-27,2009-05-27,ISS,female,white,2001-10-16,973,179,5496,2017-05-17,2016-11-02,2016-11-02,,,,,3689,1
12473921,61913.0,162,2009-05-28,2012-06-06,ISS,male,white,2001-09-05,1105,162,3927,2017-05-19,2012-06-06,2012-06-06,,,,,1105,1
12538751,72941.0,162,2009-08-10,2012-01-11,ISS,female,Asian,2002-07-26,884,162,5411,2017-05-19,2017-05-19,2017-05-19,,,,,2839,4
14557937,82929.0,179,2014-12-02,2017-01-11,ISS,male,white,2006-11-17,771,179,3708,2017-05-22,2017-01-11,2017-01-11,,,,,771,1
10409017,65567.0,162,2003-04-07,2009-09-16,ISS,male,white,2000-01-03,2354,162,6283,2017-04-28,2017-03-17,2017-03-17,,,,,5093,4
12311220,88110.0,162,2009-06-11,2016-04-01,ISS,female,white,2000-01-11,2486,162,6292,2017-05-23,2017-04-03,2017-04-03,,,,,2853,10
13280391,64104.0,179,2011-10-25,2015-03-18,ABN,female,white,2011-08-02,1240,179,1871,2017-05-19,2016-09-15,2016-09-15,,,,,1787,2
11181027,94466.0,179,2005-07-14,2010-12-08,ISS,male,white,2003-01-07,1973,179,2892,2017-04-21,2010-12-08,2010-12-08,0.007042253521126761,0.0,0.13096988000106904,2892.0,1973,1
11789245,95561.0,179,2007-04-24,2009-05-21,ABN,male,white,2000-01-14,758,179,3415,2017-04-21,2009-05-21,2009-05-21,0.014084507042253521,4.9945060433523126e-05,0.0759308325198717,7117.0,758,1
09762069,77348.0,162,2001-01-30,2010-10-18,ISS,female,white,2000-01-03,3548,162,5352,2017-04-14,2014-08-29,2014-08-29,0.007042253521126761,0.0,0.009389671361502348,2078.0,4959,4
11547009,84609.0,179,2007-07-16,2009-12-14,ABN,male,white,2004-03-30,882,179,2563,2017-04-21,2011-04-06,2011-04-06,0.007042253521126761,0.0,0.009389671361502348,2563.0,1360,1
11264412,63938.0,179,2005-11-01,2008-09-27,ABN,male,white,2000-01-18,1061,179,4684,2017-05-18,2012-11-14,2012-11-14,0.007042253521126761,0.0,0.11798483206933912,6235.0,2570,2
10921990,63363.0,179,2004-08-20,2008-01-28,ABN,female,black,2000-01-07,1256,179,5402,2017-05-23,2014-10-22,2014-10-22,0.007042253521126761,0.0,0.0767754468971784,6287.0,3715,3
10780489,87571.0,179,2004-02-17,2008-06-25,ISS,male,white,2000-01-13,1590,179,6299,2017-05-19,2017-04-12,2017-04-12,0.007042253521126761,0.0,0.14843253066787823,6216.0,4803,1
10523337,92688.0,162,2005-01-28,2007-06-20,ISS,male,white,2000-05-12,873,162,2595,2016-01-29,2007-06-20,2007-06-20,0.007042253521126761,0.0,0.14716658157902637,5455.0,873,2
11473413,69096.0,179,2006-06-23,2009-05-26,ABN,male,white,2005-03-04,1068,179,3363,2017-05-23,2014-05-19,2014-05-19,0.007042253521126761,0.0,0.10537576604666164,3363.0,2887,1
14082257,64977.0,162,2013-11-18,2016-02-19,ABN,female,white,2002-12-09,823,162,5231,2017-05-23,2017-04-05,2017-04-05,,,,,1234,2
14143244,66738.0,179,2013-12-30,2017-05-17,PEND,female,white,2005-02-22,1234,179,4467,2017-05-19,2017-05-17,2017-05-17,,,,,1234,3
11167148,76629.0,179,2005-06-28,2009-11-09,ABN,male,white,2005-03-22,1595,179,4273,2017-05-23,2016-12-02,2016-12-02,0.02112676056338028,0.027303299703659308,0.15580389787937557,12819.0,4175,1
11315680,98991.0,162,2005-12-21,2010-02-10,ISS,male,white,2000-01-06,1512,162,5648,2017-05-16,2015-06-24,2015-06-24,,,,,3472,3
09563190,99721.0,162,2000-05-02,2009-10-19,ISS,female,white,2000-01-21,3457,162,5964,2017-05-19,2016-05-20,2016-05-20,,,,,5862,5
11377489,70767.0,162,2006-03-16,2009-07-15,ABN,female,white,2000-01-10,1217,162,3474,2017-05-19,2009-07-15,2009-07-15,0.007042253521126761,0.0,0.007042253521126761,3474.0,1217,2
11905727,75563.0,179,2007-10-03,2010-02-10,ISS,female,white,2000-01-06,861,179,5970,2017-05-23,2016-05-11,2016-05-11,,,,,3143,3
11457962,72122.0,179,2006-07-17,2008-03-12,ISS,male,white,2000-01-05,604,179,6269,2017-05-19,2017-03-05,2017-03-05,0.007042253521126761,0.0,0.0767754468971784,4700.0,3884,3
11514092,65060.0,179,2006-08-31,2010-07-01,ABN,male,white,2005-11-29,1400,179,1675,2017-05-22,2010-07-01,2010-07-01,,,,,1400,1
12517496,94785.0,179,2009-07-22,2013-04-17,ISS,male,white,2003-06-10,1365,179,4880,2017-05-19,2016-10-19,2016-10-19,,,,,2646,3
11601824,62095.0,179,2006-11-20,2009-12-30,ISS,male,white,2004-12-15,1136,179,1981,2017-05-23,2010-05-19,2010-05-19,,,,,1276,2
10587472,72638.0,179,2006-07-27,2014-07-03,ISS,male,white,2000-01-10,2898,179,5288,2017-05-23,2014-07-03,2014-07-03,,,,,2898,2
11340043,99047.0,162,2006-01-26,2010-01-28,ABN,female,white,2002-10-10,1463,162,4787,2017-05-18,2015-11-18,2015-11-18,0.007042253521126761,0.0,0.007042253521126761,4787.0,3583,3
12524038,97819.0,162,2010-03-15,2012-01-30,ABN,male,white,2004-09-29,686,162,3955,2017-05-22,2015-07-29,2015-07-29,,,,,1962,4
11473379,60309.0,179,2006-06-22,2010-06-30,ISS,male,white,2000-01-10,1469,179,4794,2017-05-19,2013-02-24,2013-02-24,,,,,2439,4
15179464,94785.0,179,2016-06-10,2016-08-26,PEND,male,white,2003-06-10,77,179,4880,2017-05-19,2016-10-19,2016-10-19,,,,,131,3
12209301,89882.0,162,2008-09-12,2012-02-15,ISS,male,white,2000-02-03,1251,162,6304,2017-05-23,2017-05-08,2017-05-08,0.007042253521126761,0.0,0.007042253521126761,3474.0,3160,2
13343118,98822.0,162,2012-01-04,2012-11-26,ABN,male,white,2000-02-28,327,162,6205,2017-05-23,2017-02-23,2017-02-23,,,,,1877,4
11182508,97649.0,179,2005-07-15,2009-09-16,ISS,male,white,2000-01-03,1524,179,6024,2017-04-21,2016-07-01,2016-07-01,,,,,4004,2
10406170,78399.0,162,2003-04-03,2013-05-24,ISS,male,white,2000-01-11,3704,162,4882,2017-03-03,2013-05-24,2013-05-24,,,,,3704,2
12158495,99535.0,162,2008-06-20,2011-11-08,ABN,male,white,2000-01-05,1236,162,4325,2017-05-12,2011-11-08,2011-11-08,,,,,1236,2
11260018,98502.0,179,2005-10-26,2010-06-23,ISS,male,white,2005-04-22,1701,179,4092,2017-05-23,2016-07-05,2016-07-05,,,,,3905,1
11214821,97650.0,179,2005-08-31,2008-09-29,ABN,male,white,2000-02-02,1125,179,3162,2017-04-21,2008-09-29,2008-09-29,0.007042253521126761,0.0,0.01056338028169014,3762.0,1125,1
14552153,94519.0,162,2014-11-24,2016-02-08,ABN,male,Asian,2000-01-13,441,162,6314,2017-05-22,2017-04-27,2017-04-27,,,,,885,7
11168107,93313.0,162,2005-06-27,2007-07-11,ISS,male,white,2000-10-06,744,162,4639,2017-05-19,2013-06-19,2013-06-19,,,,,2914,6
13188222,94519.0,162,2011-07-21,2014-04-09,ISS,male,Asian,2000-01-13,993,162,6314,2017-05-22,2017-04-27,2017-04-27,,,,,2107,7
10549849,75563.0,179,2005-12-12,2008-11-29,ABN,female,white,2000-01-06,1083,179,5970,2017-05-23,2016-05-11,2016-05-11,,,,,3803,3
12031174,76469.0,179,2008-02-14,2010-06-17,ABN,female,white,2005-01-27,854,179,4439,2017-05-23,2017-03-24,2017-03-24,0.007042253521126761,0.0,0.007042253521126761,4217.0,3326,1
10487333,99047.0,162,2004-10-19,2010-05-20,ABN,female,white,2002-10-10,2039,162,4787,2017-05-18,2015-11-18,2015-11-18,0.007042253521126761,0.0,0.007042253521126761,4787.0,4047,3
14384654,74707.0,179,2014-11-10,2015-04-06,PEND,male,white,2004-05-27,147,179,3966,2017-05-22,2015-04-06,2015-04-06,,,,,147,1
10911697,66251.0,179,2004-08-05,2010-03-19,ABN,female,white,2003-03-14,2052,179,4368,2017-04-14,2015-02-27,2015-02-27,0.02112676056338028,0.009578705847809831,0.15103091194871637,13104.0,3858,4
11589079,60077.0,179,2006-10-30,2009-09-29,ABN,female,white,2000-05-08,1065,179,6197,2017-05-23,2017-04-26,2017-04-26,0.007042253521126761,0.0,0.11096644173724014,3085.0,3831,1
12839583,62164.0,179,2010-07-20,2017-04-13,PEND,female,Asian,2000-02-11,2459,179,6271,2017-05-19,2017-04-13,2017-04-13,0.007042253521126761,0.0,0.14319735842440534,6082.0,2459,1
12683106,94519.0,162,2010-01-06,2011-11-09,ISS,male,Asian,2000-01-13,672,162,6314,2017-05-22,2017-04-27,2017-04-27,,,,,2668,7
11339757,98045.0,179,2006-01-25,2008-09-15,ABN,male,white,2004-03-18,964,179,1642,2017-05-12,2008-09-15,2008-09-15,0.035211267605633804,0.11836979322744981,0.15202891356952286,8210.0,964,2
12059138,73303.0,179,2008-03-31,2010-08-11,ISS,male,white,2004-02-27,863,179,4701,2017-05-23,2017-01-10,2017-01-10,,,,,3207,1
10451940,92688.0,162,2003-06-26,2006-01-31,ABN,male,white,2000-05-12,950,162,2595,2016-01-29,2007-06-20,2007-06-20,0.007042253521126761,0.0,0.14716658157902637,5455.0,1455,2
11001252,66118.0,179,2004-12-01,2010-06-16,ABN,male,white,2000-01-19,2023,179,4942,2017-05-12,2013-07-31,2013-07-31,0.014084507042253521,0.013187722941993245,0.15722352337258172,9198.0,3164,1
11529969,99125.0,162,2006-09-29,2014-06-06,ISS,male,black,2000-01-05,2807,162,5266,2017-05-19,2014-06-06,2014-06-06,,,,,2807,4
11257233,60309.0,179,2005-10-24,2008-02-19,ABN,male,white,2000-01-10,848,179,4794,2017-05-19,2013-02-24,2013-02-24,,,,,2680,4
11299836,93725.0,179,2005-12-12,2009-08-17,ABN,male,Asian,2000-01-03,1344,179,6064,2017-05-23,2016-08-10,2016-08-10,,,,,3894,1
11179269,98114.0,179,2005-07-12,2007-10-31,ABN,female,Asian,2000-01-03,841,179,6043,2017-05-22,2016-07-20,2016-07-20,0.04929577464788733,0.12351873977585692,0.18259557344064387,35631.0,4026,2
10695517,97339.0,179,2003-10-28,2008-09-10,ISS,female,white,2000-07-16,1779,179,4146,2017-05-20,2011-11-22,2011-11-22,,,,,2947,1
09564644,65135.0,179,2000-05-03,2013-05-10,ISS,female,white,2000-05-03,4755,179,6140,2017-05-17,2017-02-23,2017-02-23,,,,,6140,2
10558879,97705.0,179,2005-11-29,2009-08-06,ABN,male,white,2002-10-23,1346,179,5279,2017-05-22,2017-04-06,2017-04-06,0.014084507042253521,0.0,0.08479253901789113,10558.0,4146,2
10494798,61043.0,179,2004-05-27,2008-10-14,ABN,male,white,2000-01-04,1601,179,6274,2017-05-17,2017-03-09,2017-03-09,,,,,4669,2
11721605,66042.0,162,2007-06-13,2010-01-20,ABN,male,white,2001-01-16,952,162,3291,2017-04-28,2010-01-20,2010-01-20,,,,,952,1
09611334,76271.0,162,2000-07-05,2009-12-14,ISS,male,white,2000-01-05,3449,162,3631,2017-04-21,2009-12-14,2009-12-14,,,,,3449,5
12690043,60764.0,162,2010-01-19,2012-09-04,ABN,female,white,2004-04-16,959,162,3542,2017-05-22,2013-12-27,2013-12-27,,,,,1438,3
11606936,72666.0,179,2006-12-01,2010-02-01,ABN,male,white,2000-01-03,1158,179,5996,2017-05-20,2016-06-03,2016-06-03,0.02112676056338028,0.004894615922485267,0.0848968348838418,14690.0,3472,2
13442213,61821.0,162,2012-04-09,2017-03-14,ABN,female,white,2001-10-31,1800,162,5613,2019-11-16,2017-03-14,2017-03-14,,,,,1800,2
11665496,97183.0,179,2007-04-16,2010-12-01,ISS,male,white,2003-08-07,1325,179,2673,2017-05-22,2010-12-01,2010-12-01,,,,,1325,1
10203017,90096.0,162,2002-10-16,2005-10-12,ISS,male,Hispanic,2000-01-05,1092,162,6342,2017-05-18,2017-05-17,2017-05-17,,,,,5327,4
12617064,62352.0,179,2009-11-12,2015-06-01,ABN,female,white,2000-01-03,2027,179,5877,2017-05-23,2016-02-05,2016-02-05,,,,,2276,1
15216057,91421.0,162,2016-07-21,2017-04-12,PEND,male,white,2004-04-27,265,162,4761,2017-05-23,2017-05-10,2017-05-10,,,,,293,3
15133041,91421.0,162,2016-04-19,2017-03-08,PEND,male,white,2004-04-27,323,162,4761,2017-05-23,2017-05-10,2017-05-10,,,,,386,3
11989100,71758.0,162,2008-01-22,2012-05-02,ISS,male,white,2003-11-06,1562,162,3100,2017-05-22,2012-05-02,2012-05-02,,,,,1562,1
11072028,69909.0,179,2005-03-04,2012-06-18,ISS,male,white,2000-01-05,2663,179,5229,2017-05-18,2014-04-30,2014-04-30,0.035211267605633804,0.059306429594113155,0.16164198304581587,27845.0,3344,1
11955605,65567.0,162,2007-12-13,2010-09-15,ISS,male,white,2000-01-03,1007,162,6283,2017-04-28,2017-03-17,2017-03-17,,,,,3382,4
10800569,64951.0,179,2004-03-15,2009-01-07,ISS,female,white,2000-01-04,1759,179,6267,2017-05-19,2017-03-02,2017-03-02,0.014084507042253521,0.024879753483289604,0.15406501509054324,12534.0,4735,3
10551789,68311.0,162,2006-07-05,2010-08-04,ISS,male,white,2001-02-14,1491,162,5857,2017-05-19,2017-02-27,2017-02-27,,,,,3890,3
10503036,90096.0,162,2004-12-22,2008-01-16,ISS,male,Hispanic,2000-01-05,1120,162,6342,2017-05-18,2017-05-17,2017-05-17,,,,,4529,4
10222417,95534.0,179,2002-08-16,2009-01-28,ISS,female,white,2002-02-01,2357,179,4751,2017-05-23,2015-02-04,2015-02-04,,,,,4555,1
11566103,69209.0,179,2006-12-01,2009-11-19,ABN,male,white,2000-01-05,1084,179,6071,2017-05-23,2016-08-19,2016-08-19,,,,,3549,3
11084686,67409.0,179,2005-03-18,2016-05-27,ISS,male,white,2000-01-04,4088,179,6330,2017-05-19,2017-05-04,2017-05-04,,,,,4430,1
10652049,93677.0,162,2003-08-30,2009-08-19,ISS,male,white,2000-01-04,2181,162,6186,2017-11-08,2016-12-11,2016-12-11,,,,,4852,4
11943286,65042.0,179,2007-11-20,2016-12-09,ISS,male,white,2000-01-10,3307,179,6206,2017-05-23,2017-01-06,2017-01-06,,,,,3335,1
13257865,68166.0,162,2011-09-20,2014-02-12,ISS,female,Asian,2000-01-11,876,162,6307,2017-05-22,2017-04-18,2017-04-18,0.007042253521126761,0.0,0.009389671361502348,4249.0,2037,3
13133141,60872.0,162,2011-06-06,2013-05-22,ISS,male,white,2003-09-04,716,162,4863,2017-05-19,2016-12-27,2016-12-27,,,,,2031,2
11873776,78406.0,179,2007-10-17,2010-05-19,ISS,male,white,2000-01-04,945,179,3788,2017-05-12,2010-05-19,2010-05-19,,,,,945,3
11918826,67489.0,179,2007-10-18,2010-08-30,ABN,female,white,2000-06-26,1047,179,3717,2017-05-17,2010-08-30,2010-08-30,,,,,1047,2
13369771,71457.0,179,2012-02-09,2013-10-23,ISS,female,white,2000-01-17,622,179,5028,2017-05-23,2013-10-23,2013-10-23,,,,,622,1
13188903,62253.0,162,2011-07-22,2012-09-19,ABN,female,white,2000-01-04,425,162,4642,2017-04-21,2012-09-19,2012-09-19,,,,,425,4
13483324,67500.0,162,2012-05-30,2012-09-24,ABN,male,Asian,2003-04-30,117,162,3724,2017-05-23,2013-07-10,2013-07-10,,,,,406,3
10546419,76959.0,179,2005-12-22,2009-05-11,ABN,male,white,2000-01-10,1236,179,3409,2017-05-23,2009-05-11,2009-05-11,,,,,1236,1
11281648,99424.0,162,2005-11-17,2009-02-23,ABN,male,white,2002-12-06,1194,162,5260,2017-05-23,2017-05-01,2017-05-01,,,,,4183,3
10584951,97520.0,162,2006-09-13,2013-08-02,ISS,female,white,2002-02-25,2515,162,4382,2017-05-22,2014-02-24,2014-02-24,0.007042253521126761,0.0,0.009389671361502348,4249.0,2721,6
12457079,94631.0,162,2009-06-01,2012-02-13,ABN,male,white,2003-02-20,987,162,5191,2017-05-23,2017-05-08,2017-05-08,,,,,2898,5
14863258,99300.0,162,2015-09-23,2016-11-14,ABN,male,white,2002-09-26,418,162,5163,2017-05-19,2016-11-14,2016-11-14,,,,,418,3
15008120,64624.0,162,2016-01-27,2017-05-05,PEND,male,white,2007-07-18,464,162,3579,2017-05-19,2017-05-05,2017-05-05,,,,,464,2
12014813,73785.0,179,2008-01-16,2010-05-07,ABN,male,white,2005-01-19,842,179,1934,2017-02-10,2010-05-07,2010-05-07,,,,,842,1
11166293,75034.0,162,2005-08-26,2007-10-10,ISS,male,Asian,2000-01-04,775,162,6065,2017-05-19,2016-08-12,2016-08-12,0.007042253521126761,0.0,0.007042253521126761,5048.0,4004,5
14237446,92869.0,162,2014-03-18,2014-11-25,ISS,female,white,2002-07-08,252,162,4523,2017-05-19,2014-11-25,2014-11-25,,,,,252,5
10461022,96556.0,179,2003-06-13,2010-08-25,ISS,male,white,2000-01-04,2630,179,6021,2017-05-23,2016-06-29,2016-06-29,0.02112676056338028,0.022056949476787657,0.13428234778319723,15356.0,4765,1
11718914,91421.0,162,2007-05-09,2017-05-10,ISS,male,white,2004-04-27,3654,162,4761,2017-05-23,2017-05-10,2017-05-10,,,,,3654,3
10510888,77915.0,179,2005-05-27,2009-08-12,ISS,male,white,2000-01-13,1538,179,6130,2017-05-23,2016-10-25,2016-10-25,,,,,4169,2
11773593,95219.0,179,2007-07-05,2015-02-27,ISS,male,white,2005-06-17,2794,179,3542,2016-11-18,2015-02-27,2015-02-27,0.014084507042253521,0.009789231844970533,0.10394748006108942,7084.0,2794,1
13984078,87663.0,162,2013-10-16,2015-10-27,ABN,female,Hispanic,2004-01-30,741,162,4393,2017-05-19,2016-02-09,2016-02-09,,,,,846,2
14998792,82802.0,162,2016-02-18,2016-10-25,PEND,female,white,2003-03-31,250,162,5002,2017-05-23,2016-12-09,2016-12-09,,,,,295,3
11903066,68311.0,162,2007-09-20,2010-09-22,ISS,male,white,2001-02-14,1098,162,5857,2017-05-19,2017-02-27,2017-02-27,,,,,3448,3
10223990,76271.0,162,2002-08-20,2003-07-17,ISS,male,white,2000-01-05,331,162,3631,2017-04-21,2009-12-14,2009-12-14,,,,,2673,5
11105793,68415.0,179,2005-04-13,2008-10-08,ISS,female,white,2000-01-19,1274,179,6288,2017-05-23,2017-04-07,2017-04-07,,,,,4377,2
11569210,92592.0,179,2006-11-16,2015-01-30,ISS,female,white,2005-06-21,2997,179,4188,2017-05-23,2016-12-08,2016-12-08,,,,,3675,1
10972704,99249.0,179,2004-10-25,2009-12-07,ABN,female,white,2000-01-06,1869,179,5179,2017-05-19,2014-03-12,2014-03-12,,,,,3425,3
11125017,97649.0,179,2005-05-09,2016-07-01,ISS,male,white,2000-01-03,4071,179,6024,2017-04-21,2016-07-01,2016-07-01,,,,,4071,2
12144346,69304.0,179,2008-06-23,2009-12-19,ABN,female,white,2002-07-30,544,179,2699,2017-05-23,2009-12-19,2009-12-19,0.014084507042253521,0.009789231844970533,0.1304747197742219,5398.0,544,1
13888592,73094.0,162,2013-05-07,2014-11-09,ABN,male,white,2000-01-18,551,162,5409,2017-05-23,2014-11-09,2014-11-09,,,,,551,2
10559971,72941.0,162,2006-07-27,2013-02-08,ABN,female,Asian,2002-07-26,2388,162,5411,2017-05-19,2017-05-19,2017-05-19,,,,,3949,4
10833025,70767.0,162,2004-04-28,2007-09-19,ISS,female,white,2000-01-10,1239,162,3474,2017-05-19,2009-07-15,2009-07-15,0.007042253521126761,0.0,0.007042253521126761,3474.0,1904,2
10547206,91064.0,179,2006-05-19,2009-06-15,ABN,male,white,2004-10-01,1123,179,4479,2017-05-22,2017-01-05,2017-01-05,0.014084507042253521,9.989012086704625e-05,0.014084507042253521,8958.0,3884,3
11241861,89403.0,179,2005-09-30,2009-08-05,ISS,female,white,2000-01-12,1405,179,4865,2017-05-19,2013-05-08,2013-05-08,0.014084507042253521,0.009990136391095335,0.15338028169014084,10422.0,2777,1
15054084,91064.0,179,2016-02-25,2017-01-05,PEND,male,white,2004-10-01,315,179,4479,2017-05-22,2017-01-05,2017-01-05,0.014084507042253521,9.989012086704625e-05,0.014084507042253521,8958.0,315,3
13825597,99725.0,179,2013-03-22,2015-12-28,ABN,female,white,2000-01-03,1011,179,5838,2017-05-23,2015-12-28,2015-12-28,0.007042253521126761,0.0,0.12108969607116382,4311.0,1011,1
11508189,68970.0,179,2006-08-23,2009-04-30,ABN,female,black,2000-01-03,981,179,6057,2017-05-22,2016-08-03,2016-08-03,0.014084507042253521,0.05573868744381181,0.1278169014084507,6142.0,3633,1
10926704,62010.0,179,2004-08-27,2008-05-29,ABN,female,Hispanic,2000-01-03,1371,179,3069,2017-05-22,2008-05-29,2008-05-29,,,,,1371,2
10171478,62253.0,162,2002-06-13,2004-01-22,ABN,female,white,2000-01-04,588,162,4642,2017-04-21,2012-09-19,2012-09-19,,,,,3751,4
10550485,69539.0,179,2006-07-21,2009-11-09,ABN,male,Asian,2000-01-07,1207,179,5117,2017-05-23,2014-01-10,2014-01-10,,,,,2730,2
15120833,62815.0,179,2016-08-23,2017-02-21,PEND,male,white,2000-01-03,182,179,6259,2017-05-18,2017-02-21,2017-02-21,0.028169014084507043,0.08794886231206271,0.16551828959367715,17334.0,182,1
10503546,97705.0,179,2005-03-28,2009-05-06,ISS,male,white,2002-10-23,1500,179,5279,2017-05-22,2017-04-06,2017-04-06,0.014084507042253521,0.0,0.08479253901789113,10558.0,4392,2
13640421,99718.0,179,2012-10-10,2016-10-17,ABN,female,black,2005-04-04,1468,179,4214,2017-05-19,2016-10-17,2016-10-17,,,,,1468,2
11761771,97560.0,179,2007-06-12,2010-08-23,ABN,female,Asian,2000-01-04,1168,179,4157,2017-05-05,2011-05-23,2011-05-23,0.007042253521126761,0.0,0.009389671361502348,2162.0,1441,3
11467288,66769.0,179,2006-08-25,2010-06-23,ISS,male,white,2000-01-05,1398,179,5825,2017-05-17,2015-12-17,2015-12-17,0.014084507042253521,0.019378683448206972,0.12151606824042847,6496.0,3401,1
10975777,79539.0,179,2004-10-28,2008-12-08,ABN,male,white,2003-03-26,1502,179,4389,2017-05-19,2015-04-01,2015-04-01,,,,,3807,2
14772574,62976.0,179,2015-09-03,2017-04-14,ABN,male,white,2000-01-11,589,179,6303,2017-05-23,2017-04-14,2017-04-14,0.007042253521126761,0.0,0.009389671361502348,5609.0,589,1
11294796,92836.0,179,2005-12-06,2008-06-04,ISS,female,white,2000-01-19,911,179,5775,2017-05-19,2015-11-11,2015-11-11,0.007042253521126761,0.0,0.007042253521126761,4787.0,3627,1
11032000,63422.0,179,2005-01-11,2009-03-04,ABN,male,white,2000-02-24,1513,179,3296,2017-02-24,2009-03-04,2009-03-04,,,,,1513,2
11125406,73213.0,179,2005-05-10,2009-08-27,ABN,male,white,2000-01-07,1570,179,6111,2017-05-22,2016-09-30,2016-09-30,0.007042253521126761,0.0,0.14843253066787823,6216.0,4161,1
12100009,60726.0,162,2008-04-09,2011-06-08,ISS,female,white,2000-10-31,1155,162,5097,2017-05-23,2014-10-15,2014-10-15,,,,,2380,2
10863917,74943.0,179,2004-06-09,2011-12-26,ISS,male,white,2000-01-07,2756,179,4371,2017-05-12,2011-12-26,2011-12-26,,,,,2756,1
11263383,70533.0,179,2005-10-31,2010-07-28,ISS,male,white,2000-01-07,1731,179,6333,2017-05-22,2017-05-10,2017-05-10,,,,,4209,1
12042101,95839.0,179,2008-03-04,2011-01-05,ISS,male,Asian,2000-01-11,1037,179,6336,2017-05-23,2017-05-17,2017-05-17,,,,,3361,1
14418367,70597.0,162,2015-01-29,2016-11-17,ABN,male,white,2008-07-16,658,162,3152,2017-05-23,2017-03-03,2017-03-03,,,,,764,3
14370865,72122.0,179,2014-09-04,2017-03-05,ABN,male,white,2000-01-05,913,179,6269,2017-05-19,2017-03-05,2017-03-05,0.007042253521126761,0.0,0.0767754468971784,4700.0,913,3
15407497,95216.0,162,2017-01-17,2017-01-30,PEND,male,Asian,2007-03-06,13,162,3618,2017-05-23,2017-01-30,2017-01-30,,,,,13,1
11904186,60764.0,162,2007-09-26,2013-12-27,ISS,female,white,2004-04-16,2284,162,3542,2017-05-22,2013-12-27,2013-12-27,,,,,2284,3
14530857,72122.0,179,2014-11-03,2017-02-01,ISS,male,white,2000-01-05,821,179,6269,2017-05-19,2017-03-05,2017-03-05,0.007042253521126761,0.0,0.0767754468971784,4700.0,853,3
11839198,99316.0,179,2007-08-15,2009-02-18,ISS,female,white,2000-02-02,553,179,6062,2017-05-23,2016-09-07,2016-09-07,0.014084507042253521,0.009789231844970533,0.12549295774647887,6391.0,3311,1
13562830,74579.0,179,2012-07-31,2014-10-02,ABN,male,Asian,2001-02-09,793,179,5108,2017-05-23,2015-02-04,2015-02-04,0.035211267605633804,0.03156527819398662,0.16051424828037994,26281.0,918,3
09654182,64548.0,179,2000-09-01,2008-08-04,ABN,male,white,2000-01-07,2894,179,4616,2017-05-23,2012-08-27,2012-08-27,0.007042253521126761,0.0,0.14500236714404072,6043.0,4378,3
09833044,70017.0,162,2001-04-11,2002-07-15,ABN,female,Asian,2000-01-10,460,162,4960,2017-03-24,2013-08-09,2013-08-09,,,,,4503,2
11736365,71720.0,179,2007-04-17,2010-01-06,ISS,male,white,2000-01-14,995,179,6326,2017-05-22,2017-05-10,2017-05-10,0.007042253521126761,0.0,0.007042253521126761,3876.0,3676,3
12210735,66340.0,179,2008-09-15,2010-04-21,ISS,female,white,2000-01-07,583,179,5033,2017-05-12,2013-10-18,2013-10-18,,,,,1859,1
14973491,94519.0,162,2015-12-17,2017-04-27,PEND,male,Asian,2000-01-13,497,162,6314,2017-05-22,2017-04-27,2017-04-27,,,,,497,7
10865508,62160.0,162,2004-06-10,2009-09-18,ABN,female,Asian,2000-01-10,1926,162,5392,2017-05-23,2014-10-15,2014-10-15,,,,,3779,2
09582496,88110.0,162,2000-06-27,2013-07-19,ISS,female,white,2000-01-11,4770,162,6292,2017-05-23,2017-04-03,2017-04-03,,,,,6124,10
10776860,75606.0,179,2004-02-11,2016-11-25,ISS,male,white,2000-01-06,4671,179,6168,2017-05-20,2016-11-25,2016-11-25,,,,,4671,2
13911492,70597.0,162,2013-06-06,2014-06-10,ABN,male,white,2008-07-16,369,162,3152,2017-05-23,2017-03-03,2017-03-03,,,,,1366,3
12144625,78406.0,179,2008-06-24,2010-01-27,ISS,male,white,2000-01-04,582,179,3788,2017-05-12,2010-05-19,2010-05-19,,,,,694,3
10524815,99317.0,162,2005-02-18,2010-09-22,ISS,female,black,2002-05-07,2042,162,5455,2017-05-18,2017-04-13,2017-04-13,,,,,4437,3
15347122,98771.0,162,2016-11-09,2017-05-19,PEND,male,white,2003-02-14,191,162,5208,2017-05-22,2017-05-19,2017-05-19,,,,,191,4
10470769,61043.0,179,2003-07-31,2009-10-21,ABN,male,white,2000-01-04,2274,179,6274,2017-05-17,2017-03-09,2017-03-09,,,,,4970,2
11804165,81865.0,162,2007-05-17,2013-10-11,ISS,male,white,2000-01-19,2339,162,6041,2017-05-22,2016-08-03,2016-08-03,,,,,3366,1
13032288,92869.0,162,2011-02-22,2012-05-14,ABN,female,white,2002-07-08,447,162,4523,2017-05-19,2014-11-25,2014-11-25,,,,,1372,5
11629361,98943.0,179,2006-12-12,2010-07-21,ISS,male,white,2000-01-03,1317,179,5567,2017-05-19,2015-04-01,2015-04-01,,,,,3032,2
11020992,61182.0,179,2004-12-22,2017-02-10,ISS,male,white,2000-01-11,4433,179,6278,2017-05-19,2017-03-20,2017-03-20,,,,,4471,1
12309687,67998.0,162,2009-01-27,2011-09-28,ISS,female,white,2000-01-11,974,162,6203,2017-05-22,2017-01-04,2017-01-04,,,,,2899,2
11091535,96283.0,179,2005-03-28,2009-08-05,ISS,male,black,2000-01-07,1591,179,6271,2017-05-22,2017-03-09,2017-03-09,,,,,4364,1
14919464,77157.0,162,2015-10-21,2016-07-22,PEND,male,white,2000-02-22,275,162,5995,2017-05-12,2016-07-22,2016-07-22,,,,,275,1
12986112,94035.0,179,2011-01-06,2017-01-18,ISS,male,Asian,2005-03-31,2204,179,4311,2017-05-19,2017-01-18,2017-01-18,0.028169014084507043,0.038457696533812806,0.14623120076390544,17244.0,2204,1
10724513,98114.0,179,2003-11-26,2008-04-16,ISS,female,Asian,2000-01-03,1603,179,6043,2017-05-22,2016-07-20,2016-07-20,0.04929577464788733,0.12351873977585692,0.18259557344064387,35631.0,4620,2
13833717,79539.0,179,2013-03-15,2015-04-01,ISS,male,white,2003-03-26,747,179,4389,2017-05-19,2015-04-01,2015-04-01,,,,,747,2
12169367,94519.0,162,2008-07-08,2010-03-10,ISS,male,Asian,2000-01-13,610,162,6314,2017-05-22,2017-04-27,2017-04-27,,,,,3215,7
14122922,65963.0,162,2013-11-27,2016-09-12,ABN,female,white,2006-11-02,1020,162,3602,2017-05-22,2016-09-12,2016-09-12,,,,,1020,2
14831854,71747.0,179,2015-08-20,2017-05-15,PEND,female,white,2009-01-12,634,179,3045,2017-05-19,2017-05-15,2017-05-15,,,,,634,1
11809879,98582.0,179,2007-06-01,2010-07-21,ISS,male,white,2000-01-06,1146,179,6216,2017-05-19,2017-01-12,2017-01-12,0.07042253521126761,0.19296524904855733,0.18806846528763863,60588.0,3513,1
12893853,94677.0,162,2010-09-29,2013-11-13,ABN,male,white,2000-05-24,1141,162,6180,2019-08-29,2017-04-25,2017-04-25,,,,,2400,3
14673847,82802.0,162,2015-03-30,2016-12-09,ABN,female,white,2003-03-31,620,162,5002,2017-05-23,2016-12-09,2016-12-09,,,,,620,3
13700192,70769.0,162,2013-01-29,2014-08-06,ISS,male,white,2006-07-11,554,162,2948,2017-05-22,2014-08-06,2014-08-06,,,,,554,1
13819120,82802.0,162,2013-05-13,2015-04-15,ISS,female,white,2003-03-31,702,162,5002,2017-05-23,2016-12-09,2016-12-09,,,,,1306,3
14382390,94609.0,162,2014-09-02,2016-07-13,ISS,male,white,2006-11-21,680,162,3815,2017-05-20,2017-05-02,2017-05-02,,,,,973,4
12252501,91064.0,179,2008-10-16,2013-06-29,ABN,male,white,2004-10-01,1717,179,4479,2017-05-22,2017-01-05,2017-01-05,0.014084507042253521,9.989012086704625e-05,0.014084507042253521,8958.0,3003,3
10494339,98822.0,162,2004-04-30,2011-03-09,ISS,male,white,2000-02-28,2504,162,6205,2017-05-23,2017-02-23,2017-02-23,,,,,4682,4
11003805,75260.0,179,2004-12-03,2016-10-21,ISS,male,white,2000-02-04,4340,179,6104,2017-05-23,2016-10-21,2016-10-21,,,,,4340,1
14374568,98205.0,162,2014-07-25,2016-06-29,ISS,male,white,2000-01-03,705,162,6190,2017-05-22,2016-12-14,2016-12-14,,,,,873,3
10531568,72591.0,179,2005-04-18,2008-11-12,ISS,female,white,2000-01-03,1304,179,6302,2017-05-23,2017-04-05,2017-04-05,,,,,4370,1
14151539,61821.0,162,2014-01-09,2017-01-06,ABN,female,white,2001-10-31,1093,162,5613,2019-11-16,2017-03-14,2017-03-14,,,,,1160,2
12624100,92869.0,162,2009-11-23,2013-01-15,ABN,female,white,2002-07-08,1149,162,4523,2017-05-19,2014-11-25,2014-11-25,,,,,1828,5
10141989,66188.0,162,2002-05-10,2004-11-25,ISS,male,Hispanic,2000-01-21,930,162,1770,2017-05-05,2004-11-25,2004-11-25,,,,,930,2
13729930,71657.0,179,2012-12-28,2017-04-02,ABN,male,white,2000-01-03,1556,179,6299,2017-05-19,2017-04-02,2017-04-02,,,,,1556,1
11143180,99929.0,179,2005-06-02,2009-05-29,ABN,male,white,2004-06-01,1457,179,3762,2017-05-23,2014-09-19,2014-09-19,0.014084507042253521,0.0001997802417340925,0.01584507042253521,7524.0,3396,1
13224953,63822.0,162,2011-09-02,2013-11-15,ABN,female,white,2000-01-06,805,162,5062,2017-05-22,2013-11-15,2013-11-15,0.007042253521126761,0.0,0.009389671361502348,2078.0,805,3
09928852,66593.0,162,2001-08-13,2003-01-27,ABN,male,white,2000-01-04,532,162,1119,2015-03-27,2003-01-27,2003-01-27,,,,,532,1
11150735,72165.0,179,2005-06-10,2008-09-03,ISS,male,white,2000-01-07,1181,179,6256,2017-05-23,2017-02-22,2017-02-22,,,,,4275,2
11658406,72613.0,179,2007-01-25,2010-05-11,ABN,male,white,2004-11-08,1202,179,4167,2017-05-23,2016-04-06,2016-04-06,0.007042253521126761,0.0,0.12998328956791597,4167.0,3359,1
10319213,98297.0,179,2002-12-13,2009-07-30,ABN,male,Asian,2000-02-02,2421,179,3466,2017-05-23,2009-07-30,2009-07-30,0.007042253521126761,0.0,0.14716658157902637,5455.0,2421,1
10403159,93754.0,179,2003-03-31,2009-06-11,ABN,male,Asian,2000-03-20,2264,179,3618,2017-05-23,2010-02-14,2010-02-14,,,,,2512,2
13319041,74579.0,179,2011-11-04,2015-02-04,ISS,male,Asian,2001-02-09,1188,179,5108,2017-05-23,2015-02-04,2015-02-04,0.035211267605633804,0.03156527819398662,0.16051424828037994,26281.0,1188,3
15035131,99317.0,162,2016-05-06,2017-04-13,PEND,female,black,2002-05-07,342,162,5455,2017-05-18,2017-04-13,2017-04-13,,,,,342,3
09840675,61417.0,162,2001-04-23,2002-03-21,ISS,female,white,2000-01-07,332,162,2078,2017-05-19,2005-09-15,2005-09-15,0.014084507042253521,9.989012086704625e-05,0.014084507042253521,4156.0,1606,3
09588687,95225.0,162,2000-06-07,2014-03-21,ISS,male,white,2000-01-18,5035,162,5755,2017-05-20,2015-10-21,2015-10-21,0.028169014084507043,0.01588607510093875,0.13586835976488854,14708.0,5614,1
12471599,65537.0,162,2009-05-26,2012-09-05,ISS,male,white,2003-01-10,1198,162,4429,2017-05-23,2015-02-25,2015-02-25,0.007042253521126761,0.0,0.007042253521126761,5963.0,2101,3
10458801,63422.0,179,2003-06-11,2007-11-13,ABN,male,white,2000-02-24,1616,179,3296,2017-02-24,2009-03-04,2009-03-04,,,,,2093,2
09623475,76271.0,162,2000-10-30,2006-05-17,ISS,male,white,2000-01-05,2025,162,3631,2017-04-21,2009-12-14,2009-12-14,,,,,3332,5
12326368,67095.0,179,2008-12-02,2015-08-26,ISS,male,white,2006-02-22,2458,179,3472,2017-05-19,2015-08-26,2015-08-26,,,,,2458,1
13383226,70887.0,179,2012-01-10,2014-02-26,ISS,female,white,2000-01-06,778,179,5165,2017-03-31,2014-02-26,2014-02-26,0.014084507042253521,0.010851396796856783,0.15475588959767572,11086.0,778,1
10823795,60397.0,179,2004-04-14,2009-10-09,ABN,male,white,2000-01-06,2004,179,6347,2017-05-23,2017-05-23,2017-05-23,,,,,4787,2
11030907,63176.0,179,2005-01-10,2008-02-13,ISS,male,white,2000-01-18,1129,179,6329,2017-05-23,2017-05-17,2017-05-17,0.04929577464788733,0.04486899907936767,0.15977112676056338,33503.0,4510,1
10568441,86422.0,179,2006-02-15,2009-06-17,ISS,female,Asian,2000-01-03,1218,179,3453,2017-04-28,2009-06-17,2009-06-17,0.014084507042253521,0.004202952509814961,0.13749228438359237,9542.0,1218,1
10354674,94519.0,162,2003-01-30,2005-06-29,ISS,male,Asian,2000-01-13,881,162,6314,2017-05-22,2017-04-27,2017-04-27,,,,,5201,7
11015490,62064.0,179,2004-12-16,2008-07-24,ABN,male,Asian,2001-12-28,1316,179,5044,2017-05-23,2015-10-20,2015-10-20,0.007042253521126761,0.0,0.14716658157902637,5455.0,3960,2
12395126,97312.0,179,2009-02-27,2009-12-02,ISS,male,white,2002-11-18,278,179,2571,2017-05-23,2009-12-02,2009-12-02,0.007042253521126761,0.0,0.10801428288038087,3262.0,278,1
10573075,60651.0,179,2006-03-23,2009-05-18,ABN,female,white,2005-06-02,1152,179,4094,2017-05-23,2016-08-17,2016-08-17,0.04225352112676056,0.02806646455133119,0.15475588959767572,20470.0,3800,1
12029542,75198.0,179,2008-02-12,2016-11-18,ABN,male,white,2005-04-22,3202,179,4228,2017-05-19,2016-11-18,2016-11-18,,,,,3202,2
15302983,70597.0,162,2016-10-08,2017-03-03,PEND,male,white,2008-07-16,146,162,3152,2017-05-23,2017-03-03,2017-03-03,,,,,146,3
14437279,60991.0,179,2015-04-21,2017-05-17,PEND,male,Asian,2003-04-15,757,179,5146,2017-05-23,2017-05-17,2017-05-17,0.02112676056338028,0.05623813804814704,0.11222947440742012,15438.0,757,2
11626695,91482.0,179,2007-01-24,2009-12-30,ISS,male,white,2000-01-04,1071,179,5923,2017-05-23,2016-03-23,2016-03-23,,,,,3346,1
14495381,98066.0,162,2014-09-24,2017-03-24,PEND,female,white,2003-07-11,912,162,5005,2017-05-19,2017-03-24,2017-03-24,,,,,912,1
14386230,71177.0,162,2014-09-18,2017-02-22,PEND,male,white,2004-04-21,888,162,4769,2017-05-22,2017-05-12,2017-05-12,,,,,967,4
13362204,59721.0,179,2012-01-31,2016-06-15,ISS,male,Asian,2007-08-23,1597,179,3219,2017-05-22,2016-06-15,2016-06-15,,,,,1597,1
14697214,93896.0,179,2015-04-27,2017-04-27,PEND,female,white,2002-05-21,731,179,5455,2017-05-23,2017-04-27,2017-04-27,0.06338028169014084,0.12277183409937376,0.18604077293952392,49095.0,731,3
11260355,63363.0,179,2005-10-27,2009-02-26,ABN,female,black,2000-01-07,1218,179,5402,2017-05-23,2014-10-22,2014-10-22,0.007042253521126761,0.0,0.0767754468971784,6287.0,3282,3
14365372,88110.0,162,2014-11-12,2016-06-08,ISS,female,white,2000-01-11,574,162,6292,2017-05-23,2017-04-03,2017-04-03,,,,,873,10
15093420,71177.0,162,2016-04-07,2017-05-12,PEND,male,white,2004-04-21,400,162,4769,2017-05-22,2017-05-12,2017-05-12,,,,,400,4
11547778,93496.0,179,2007-02-06,2008-07-21,ABN,female,white,2000-01-31,531,179,5882,2017-05-22,2016-03-09,2016-03-09,,,,,3319,1
10205296,65403.0,179,2002-07-24,2008-07-21,ABN,male,white,2000-01-06,2189,179,5979,2017-05-19,2016-05-20,2016-05-20,0.014084507042253521,0.0001997802417340925,0.01584507042253521,6827.0,5049,1
11363763,91234.0,179,2006-02-28,2010-06-30,ISS,female,white,2003-07-16,1583,179,4347,2017-05-20,2015-06-10,2015-06-10,,,,,3389,1
14997213,94631.0,162,2016-01-15,2017-03-01,ISS,male,white,2003-02-20,411,162,5191,2017-05-23,2017-05-08,2017-05-08,,,,,479,5
09554082,99721.0,162,2000-07-31,2011-05-02,ISS,female,white,2000-01-21,3927,162,5964,2017-05-19,2016-05-20,2016-05-20,,,,,5772,5
11960083,73327.0,179,2007-12-19,2009-05-27,ISS,male,white,2000-01-10,525,179,5009,2017-05-19,2013-09-27,2013-09-27,,,,,2109,2
09793420,91228.0,162,2001-02-27,2005-10-12,ISS,male,white,2000-01-06,1688,162,2106,2015-01-09,2005-10-12,2005-10-12,,,,,1688,1
12039363,64074.0,179,2008-02-28,2010-01-13,ISS,male,white,2000-01-05,685,179,5466,2017-05-12,2014-12-23,2014-12-23,0.007042253521126761,0.0,0.13022854105766674,6329.0,2490,1
12422763,75034.0,162,2009-04-13,2014-09-19,ISS,male,Asian,2000-01-04,1985,162,6065,2017-05-19,2016-08-12,2016-08-12,0.007042253521126761,0.0,0.007042253521126761,5048.0,2678,5
11670700,94433.0,179,2007-02-02,2011-01-12,ISS,male,white,2000-01-04,1440,179,5372,2017-05-12,2014-09-19,2014-09-19,,,,,2786,1
10560533,65537.0,162,2005-12-13,2011-06-04,ABN,male,white,2003-01-10,1999,162,4429,2017-05-23,2015-02-25,2015-02-25,0.007042253521126761,0.0,0.007042253521126761,5963.0,3361,3
11201142,97560.0,179,2005-08-11,2009-07-08,ISS,female,Asian,2000-01-04,1427,179,4157,2017-05-05,2011-05-23,2011-05-23,0.007042253521126761,0.0,0.009389671361502348,2162.0,2111,3
11615428,66738.0,179,2006-12-22,2016-06-16,PEND,female,white,2005-02-22,3464,179,4467,2017-05-19,2017-05-17,2017-05-17,,,,,3799,3
13292553,99368.0,162,2011-11-09,2014-06-11,ISS,male,white,2003-03-31,945,162,4692,2017-05-22,2016-02-03,2016-02-03,,,,,1547,2
09897206,92329.0,162,2001-07-02,2006-02-01,ISS,female,white,2000-01-06,1675,162,6304,2017-05-18,2017-04-10,2017-04-10,,,,,5761,3
11820096,71720.0,179,2007-06-18,2009-11-18,ISS,male,white,2000-01-14,884,179,6326,2017-05-22,2017-05-10,2017-05-10,0.007042253521126761,0.0,0.007042253521126761,3876.0,3614,3
11957837,65029.0,179,2007-12-17,2010-06-16,ISS,female,white,2006-12-08,912,179,1286,2017-05-23,2010-06-16,2010-06-16,,,,,912,1
10055863,62253.0,162,2002-01-22,2009-04-29,ISS,female,white,2000-01-04,2654,162,4642,2017-04-21,2012-09-19,2012-09-19,,,,,3893,4
10004867,61876.0,162,2001-12-07,2005-01-12,ISS,male,white,2000-01-04,1132,162,3590,2017-04-28,2009-11-02,2009-11-02,,,,,2887,2
11555467,91989.0,162,2006-11-01,2011-08-22,ABN,female,white,2000-09-12,1755,162,3996,2017-05-23,2011-08-22,2011-08-22,,,,,1755,1
12518073,69896.0,162,2010-08-05,2012-12-03,ABN,male,white,2004-03-31,851,162,3169,2017-01-19,2012-12-03,2012-12-03,,,,,851,2
14595492,83617.0,162,2015-01-13,2016-05-11,ISS,female,white,2000-10-13,484,162,5801,2017-05-23,2016-08-31,2016-08-31,,,,,596,2
11683829,66949.0,179,2007-03-08,2008-11-12,ISS,female,white,2000-01-13,615,179,4773,2017-05-22,2013-02-06,2013-02-06,0.007042253521126761,0.0,0.12108969607116382,4311.0,2162,1
11375947,62206.0,179,2006-03-15,2010-11-23,ISS,male,white,2005-10-14,1714,179,4141,2017-05-23,2017-02-14,2017-02-14,,,,,3989,1
12607592,75034.0,162,2009-10-28,2016-08-12,ISS,male,Asian,2000-01-04,2480,162,6065,2017-05-19,2016-08-12,2016-08-12,0.007042253521126761,0.0,0.007042253521126761,5048.0,2480,5
11167276,97481.0,179,2005-06-28,2008-09-26,ABN,male,white,2001-08-31,1186,179,4217,2017-05-23,2013-03-18,2013-03-18,0.007042253521126761,0.0,0.007042253521126761,4217.0,2820,2
10295773,90096.0,162,2002-11-15,2003-08-28,ISS,male,Hispanic,2000-01-05,286,162,6342,2017-05-18,2017-05-17,2017-05-17,,,,,5297,4
10797487,95353.0,162,2004-03-08,2010-07-26,ISS,male,white,2002-03-07,2331,162,3063,2014-08-08,2010-07-26,2010-07-26,,,,,2331,1
11946536,97819.0,162,2007-11-28,2012-10-17,ISS,male,white,2004-09-29,1785,162,3955,2017-05-22,2015-07-29,2015-07-29,,,,,2800,4
10763934,61600.0,162,2004-01-23,2005-09-30,ABN,male,white,2001-03-06,616,162,4805,2017-05-12,2014-05-02,2014-05-02,,,,,3752,3
11408318,65888.0,162,2006-04-21,2009-12-07,ABN,female,white,2004-12-09,1326,162,4002,2017-05-23,2015-11-24,2015-11-24,,,,,3504,2
15280817,98822.0,162,2016-09-29,2017-02-23,PEND,male,white,2000-02-28,147,162,6205,2017-05-23,2017-02-23,2017-02-23,,,,,147,4
10343315,93178.0,162,2003-01-29,2006-09-06,ISS,female,white,2000-01-03,1316,162,5485,2017-03-10,2015-01-09,2015-01-09,0.007042253521126761,0.0,0.14716658157902637,5455.0,4363,4
10292186,99224.0,179,2002-11-12,2009-09-11,ABN,female,white,2000-01-10,2495,179,6241,2017-05-23,2017-02-10,2017-02-10,0.007042253521126761,0.0,0.009389671361502348,4479.0,5204,1
14429927,60321.0,162,2015-03-20,2016-06-15,ISS,male,white,2001-03-16,453,162,5570,2017-05-23,2016-06-15,2016-06-15,,,,,453,4
10503092,74725.0,179,2005-03-21,2009-03-26,ABN,male,white,2000-02-02,1466,179,3820,2017-03-10,2010-07-19,2010-07-19,0.007042253521126761,0.0,0.12347249867721534,5174.0,1946,1
14022433,62661.0,162,2013-09-10,2016-02-22,ABN,female,white,2000-03-10,895,162,6249,2017-05-23,2017-04-19,2017-04-19,,,,,1317,5
11344863,60309.0,179,2006-02-01,2008-09-08,ABN,male,white,2000-01-10,950,179,4794,2017-05-19,2013-02-24,2013-02-24,,,,,2580,4
10950373,93313.0,162,2004-09-24,2012-06-13,ISS,male,white,2000-10-06,2819,162,4639,2017-05-19,2013-06-19,2013-06-19,,,,,3190,6
12411765,93051.0,162,2009-03-26,2015-10-02,ISS,female,Asian,2004-02-11,2381,162,4251,2017-05-22,2015-10-02,2015-10-02,,,,,2381,3
11203341,97637.0,162,2005-08-15,2009-07-08,ISS,female,white,2000-01-03,1423,162,3516,2017-03-10,2009-08-19,2009-08-19,,,,,1465,2
11329710,65646.0,179,2006-01-10,2010-05-19,ISS,male,black,2004-06-17,1590,179,2162,2017-05-23,2010-05-19,2010-05-19,0.014084507042253521,9.989012086704625e-05,0.014084507042253521,4324.0,1590,1
10292076,65934.0,179,2002-11-12,2009-10-07,ABN,female,white,2000-01-18,2521,179,3550,2017-03-31,2009-10-07,2009-10-07,0.028169014084507043,0.038108081110778146,0.0961297030091412,19477.0,2521,1
11906313,89882.0,162,2007-10-01,2008-06-04,ISS,male,white,2000-02-03,247,162,6304,2017-05-23,2017-05-08,2017-05-08,0.007042253521126761,0.0,0.007042253521126761,3474.0,3507,2
11242470,60309.0,179,2005-10-03,2009-04-15,ISS,male,white,2000-01-10,1290,179,4794,2017-05-19,2013-02-24,2013-02-24,,,,,2701,4
15261600,61328.0,179,2016-09-09,2017-01-31,PEND,male,white,2001-05-15,144,179,5740,2017-05-19,2017-01-31,2017-01-31,0.007042253521126761,0.0,0.1307218309859155,5740.0,144,1
11186524,95814.0,179,2005-07-21,2010-06-30,ISS,female,white,2000-01-03,1805,179,5063,2017-05-19,2013-11-13,2013-11-13,0.014084507042253521,0.004085808640798152,0.15510365564171547,10126.0,3037,1
12146817,98826.0,179,2008-06-26,2009-12-01,ABN,male,white,2000-01-03,523,179,3620,2017-05-23,2009-12-01,2009-12-01,0.028169014084507043,0.0322162288149702,0.1608884073672806,16510.0,523,2
10844515,94211.0,179,2004-05-13,2007-12-31,ABN,male,white,2001-11-27,1327,179,2225,2017-05-20,2007-12-31,2007-12-31,0.007042253521126761,0.0,0.009389671361502348,2225.0,1327,1
10582677,94008.0,179,2006-06-14,2016-10-07,ISS,male,white,2000-01-05,3768,179,6120,2017-05-12,2016-10-07,2016-10-07,,,,,3768,1
12257057,75209.0,179,2008-10-23,2016-06-06,PEND,female,Asian,2003-11-21,2783,179,4581,2017-05-23,2016-06-06,2016-06-06,,,,,2783,1
11322755,78051.0,179,2005-12-30,2010-06-09,ISS,female,white,2005-03-08,1622,179,4357,2017-05-23,2017-02-10,2017-02-10,0.007042253521126761,0.0,0.08275914479683857,4357.0,4060,2
11467964,98943.0,179,2006-08-29,2010-02-24,ISS,male,white,2000-01-03,1275,179,5567,2017-05-19,2015-04-01,2015-04-01,,,,,3137,2
09929733,63363.0,179,2001-08-14,2008-08-20,ISS,female,black,2000-01-07,2563,179,5402,2017-05-23,2014-10-22,2014-10-22,0.007042253521126761,0.0,0.0767754468971784,6287.0,4817,3
11123958,99300.0,162,2005-05-06,2009-12-04,ABN,male,white,2002-09-26,1673,162,5163,2017-05-19,2016-11-14,2016-11-14,,,,,4210,3
10371765,65567.0,162,2003-02-21,2017-03-17,ISS,male,white,2000-01-03,5138,162,6283,2017-04-28,2017-03-17,2017-03-17,,,,,5138,4
10857549,62010.0,179,2004-05-28,2007-10-22,ABN,female,Hispanic,2000-01-03,1242,179,3069,2017-05-22,2008-05-29,2008-05-29,,,,,1462,2
11199002,66582.0,179,2005-08-08,2010-01-04,ABN,male,white,2000-01-07,1610,179,4740,2017-05-05,2012-12-29,2012-12-29,0.014084507042253521,9.989012086704625e-05,0.014084507042253521,4788.0,2700,1
11118321,59771.0,179,2005-05-02,2008-10-15,ABN,male,white,2000-12-07,1262,179,5165,2017-05-19,2015-01-28,2015-01-28,0.04929577464788733,0.04175785423912484,0.1490737079061844,27797.0,3558,2
13102417,77046.0,179,2011-05-06,2013-07-31,ABN,female,white,2000-11-06,817,179,4650,2017-05-23,2013-07-31,2013-07-31,,,,,817,1
12252008,78715.0,179,2008-10-15,2015-02-13,ISS,male,white,2003-04-02,2312,179,4335,2017-04-14,2015-02-13,2015-02-13,0.02112676056338028,0.0,0.12829205717576836,8670.0,2312,1
14405614,65536.0,162,2014-12-04,2016-11-16,ISS,female,Asian,2000-01-07,713,162,6158,2017-05-22,2016-11-16,2016-11-16,,,,,713,5
14233670,65536.0,162,2014-10-15,2016-03-14,ABN,female,Asian,2000-01-07,516,162,6158,2017-05-22,2016-11-16,2016-11-16,,,,,763,5
13419936,94925.0,162,2012-03-14,2012-10-24,ISS,female,Hispanic,2003-06-10,224,162,5048,2017-05-23,2017-04-05,2017-04-05,0.007042253521126761,0.0,0.007042253521126761,5048.0,1848,3
09989682,63188.0,179,2001-11-20,2009-09-23,ISS,male,white,2000-01-03,2864,179,3787,2015-12-24,2010-05-17,2010-05-17,0.014084507042253521,0.0,0.13943661971830987,9978.0,3100,2
14649759,99317.0,162,2015-06-04,2017-01-31,PEND,female,black,2002-05-07,607,162,5455,2017-05-18,2017-04-13,2017-04-13,,,,,679,3
12866054,88110.0,162,2010-08-04,2014-06-25,ISS,female,white,2000-01-11,1421,162,6292,2017-05-23,2017-04-03,2017-04-03,,,,,2434,10
14222863,64851.0,162,2014-03-24,2015-09-28,ABN,male,Asian,2004-04-16,553,162,4182,2017-05-23,2015-09-28,2015-09-28,,,,,553,2
10221762,69099.0,179,2002-09-13,2007-11-16,ABN,male,white,2000-06-16,1890,179,5934,2017-05-23,2016-09-14,2016-09-14,,,,,5115,1
15017049,99424.0,162,2016-02-05,2017-05-01,PEND,male,white,2002-12-06,451,162,5260,2017-05-23,2017-05-01,2017-05-01,,,,,451,3
11636432,69896.0,162,2006-12-11,2010-01-06,ABN,male,white,2004-03-31,1122,162,3169,2017-01-19,2012-12-03,2012-12-03,,,,,2184,2
09503920,65111.0,162,2000-02-14,2005-10-12,ISS,male,white,2000-01-03,2067,162,2627,2017-05-23,2007-03-14,2007-03-14,0.014084507042253521,0.0,0.0,2627.0,2585,1
14530528,71760.0,179,2014-10-31,2017-03-29,ISS,female,Asian,2002-08-01,880,179,5402,2017-05-23,2017-05-16,2017-05-16,,,,,928,3
10462030,71848.0,162,2003-06-13,2010-02-17,ISS,male,Asian,2000-02-08,2441,162,6301,2017-05-23,2017-05-10,2017-05-10,,,,,5080,4
13511184,98205.0,162,2012-05-22,2014-07-16,ISS,male,white,2000-01-03,785,162,6190,2017-05-22,2016-12-14,2016-12-14,,,,,1667,3
10437509,76271.0,162,2003-05-14,2004-09-23,ISS,male,white,2000-01-05,498,162,3631,2017-04-21,2009-12-14,2009-12-14,,,,,2406,5
14914666,62661.0,162,2016-02-26,2017-04-19,PEND,female,white,2000-03-10,418,162,6249,2017-05-23,2017-04-19,2017-04-19,,,,,418,5
10967993,95970.0,179,2004-10-19,2010-02-17,ISS,male,Asian,2000-01-18,1947,179,5638,2017-05-19,2015-06-26,2015-06-26,0.035211267605633804,0.11957314486532347,0.180683577907234,21961.0,3902,2
14874424,75596.0,179,2015-10-03,2016-01-29,PEND,male,white,2000-01-03,118,179,5870,2017-05-19,2016-01-29,2016-01-29,,,,,118,1
13455092,79829.0,179,2012-04-24,2015-01-12,ABN,male,white,2005-11-04,993,179,3842,2017-05-23,2016-05-12,2016-05-12,,,,,1479,2
11266411,95970.0,179,2005-11-03,2009-07-20,ABN,male,Asian,2000-01-18,1355,179,5638,2017-05-19,2015-06-26,2015-06-26,0.035211267605633804,0.11957314486532347,0.180683577907234,21961.0,3522,2
10716877,69228.0,179,2003-11-20,2010-03-17,ISS,female,Asian,2001-10-31,2309,179,3059,2016-04-15,2010-03-17,2010-03-17,,,,,2309,1
11968015,84267.0,179,2007-12-31,2010-09-28,ABN,male,white,2004-06-30,1002,179,2281,2017-05-22,2010-09-28,2010-09-28,0.007042253521126761,0.0,0.007042253521126761,2281.0,1002,1
10528629,64548.0,179,2005-03-22,2010-06-07,ABN,male,white,2000-01-07,1903,179,4616,2017-05-23,2012-08-27,2012-08-27,0.007042253521126761,0.0,0.14500236714404072,6043.0,2715,3
09701473,78399.0,162,2000-11-29,2002-02-21,ISS,male,white,2000-01-11,449,162,4882,2017-03-03,2013-05-24,2013-05-24,,,,,4559,2
11078388,84558.0,179,2005-03-14,2016-09-06,ABN,female,white,2000-03-06,4194,179,6028,2017-05-19,2016-09-06,2016-09-06,,,,,4194,1
11750223,96654.0,179,2007-05-17,2009-11-06,ABN,male,white,2004-05-26,904,179,3446,2015-10-07,2013-11-01,2013-11-01,,,,,2360,2
11389069,99922.0,179,2006-03-27,2009-06-24,ISS,male,white,2005-03-25,1185,179,4044,2017-05-17,2016-04-20,2016-04-20,,,,,3677,1
15255226,59632.0,162,2016-09-02,2017-01-11,PEND,female,white,2000-01-18,131,162,6203,2017-05-23,2017-01-11,2017-01-11,,,,,131,3
11402422,70043.0,179,2006-04-11,2010-09-28,ABN,female,white,2000-02-28,1631,179,4993,2017-05-23,2013-10-30,2013-10-30,,,,,2759,1
11544326,69711.0,179,2006-10-06,2009-07-29,ISS,female,Asian,2000-01-19,1027,179,6287,2017-05-19,2017-04-06,2017-04-06,0.014084507042253521,0.009789231844970533,0.0861686975787308,12574.0,3835,1
12755218,60321.0,162,2010-04-06,2011-11-22,ISS,male,white,2001-03-16,595,162,5570,2017-05-23,2016-06-15,2016-06-15,,,,,2262,4
14008141,64104.0,179,2013-09-27,2016-09-15,ABN,female,white,2011-08-02,1084,179,1871,2017-05-19,2016-09-15,2016-09-15,,,,,1084,2
15155647,96898.0,162,2016-05-16,2016-08-17,ISS,female,white,2000-11-27,93,162,5742,2017-05-22,2016-08-17,2016-08-17,,,,,93,4
12703004,88110.0,162,2010-02-09,2013-03-06,ISS,female,white,2000-01-11,1121,162,6292,2017-05-23,2017-04-03,2017-04-03,,,,,2610,10
10456892,77348.0,162,2003-06-06,2014-08-29,ISS,female,white,2000-01-03,4102,162,5352,2017-04-14,2014-08-29,2014-08-29,0.007042253521126761,0.0,0.009389671361502348,2078.0,4102,4
11470944,59227.0,179,2006-09-07,2008-04-01,ABN,female,white,2000-01-04,572,179,6128,2017-05-23,2016-10-14,2016-10-14,0.014084507042253521,0.02876835480970932,0.1264123200742919,3944.0,3690,1
11406296,71848.0,162,2006-04-19,2009-11-12,ABN,male,Asian,2000-02-08,1303,162,6301,2017-05-23,2017-05-10,2017-05-10,,,,,4039,4
13389898,73614.0,162,2012-04-30,2013-11-26,ISS,female,Hispanic,2005-01-11,575,162,3648,2017-05-19,2015-01-07,2015-01-07,,,,,982,2
15255906,92329.0,162,2016-09-02,2017-04-10,PEND,female,white,2000-01-06,220,162,6304,2017-05-18,2017-04-10,2017-04-10,,,,,220,3
13812310,63187.0,179,2013-01-25,2014-12-10,ISS,male,white,2010-11-19,684,179,2326,2017-05-23,2017-04-02,2017-04-02,,,,,1528,1
11338153,63814.0,179,2006-01-24,2009-01-21,ABN,female,Asian,2000-01-31,1093,179,5765,2017-05-18,2015-11-13,2015-11-13,,,,,3580,1
11326227,60820.0,179,2006-01-04,2009-09-21,ABN,female,white,2005-05-09,1356,179,1596,2017-05-23,2009-09-21,2009-09-21,0.007042253521126761,0.0,0.11389624877980756,1596.0,1356,1
12682049,75034.0,162,2010-04-08,2012-07-18,ISS,male,Asian,2000-01-04,832,162,6065,2017-05-19,2016-08-12,2016-08-12,0.007042253521126761,0.0,0.007042253521126761,5048.0,2318,5
11019046,78736.0,179,2004-12-21,2010-09-08,ISS,female,white,2001-10-10,2087,179,3737,2017-05-19,2012-01-03,2012-01-03,,,,,2569,1
13458953,99718.0,179,2012-04-27,2014-10-08,ISS,female,black,2005-04-04,894,179,4214,2017-05-19,2016-10-17,2016-10-17,,,,,1634,2
10551677,99930.0,179,2005-09-29,2009-08-13,ABN,female,white,2000-01-14,1414,179,6291,2017-05-18,2017-04-05,2017-04-05,0.02112676056338028,0.0,0.009389671361502348,8453.0,4206,1
11998227,61600.0,162,2007-11-29,2010-02-10,ISS,male,white,2001-03-06,804,162,4805,2017-05-12,2014-05-02,2014-05-02,,,,,2346,3
14909291,94785.0,179,2016-02-01,2016-10-19,ISS,male,white,2003-06-10,261,179,4880,2017-05-19,2016-10-19,2016-10-19,,,,,261,3
13115245,65536.0,162,2011-05-25,2014-01-28,ABN,female,Asian,2000-01-07,979,162,6158,2017-05-22,2016-11-16,2016-11-16,,,,,2002,5
11792189,62661.0,162,2007-05-31,2011-01-31,ABN,female,white,2000-03-10,1341,162,6249,2017-05-23,2017-04-19,2017-04-19,,,,,3611,5
11407003,94163.0,179,2006-04-18,2013-12-27,ISS,male,white,2004-03-10,2810,179,3579,2017-05-23,2013-12-27,2013-12-27,,,,,2810,2
13272187,93051.0,162,2011-10-12,2015-03-25,ISS,female,Asian,2004-02-11,1260,162,4251,2017-05-22,2015-10-02,2015-10-02,,,,,1451,3
12169813,88110.0,162,2008-07-09,2009-06-17,ISS,female,white,2000-01-11,343,162,6292,2017-05-23,2017-04-03,2017-04-03,,,,,3190,10
10103903,98163.0,179,2002-03-22,2009-07-20,ABN,male,Asian,2000-01-11,2677,179,5846,2017-05-23,2016-01-13,2016-01-13,,,,,5045,2
11492192,64180.0,179,2006-07-24,2010-07-28,ISS,female,black,2005-12-08,1465,179,1879,2017-05-19,2011-01-30,2011-01-30,,,,,1651,1
12991436,59632.0,162,2010-11-15,2011-06-29,ISS,female,white,2000-01-18,226,162,6203,2017-05-23,2017-01-11,2017-01-11,,,,,2249,3
09488833,93178.0,162,2000-01-21,2005-08-03,ISS,female,white,2000-01-03,2021,162,5485,2017-03-10,2015-01-09,2015-01-09,0.007042253521126761,0.0,0.14716658157902637,5455.0,5467,4
11545323,64905.0,179,2006-10-10,2009-07-22,ISS,female,white,2004-07-27,1016,179,1821,2017-05-23,2009-07-22,2009-07-22,,,,,1016,1
09700764,96388.0,162,2000-11-20,2006-05-17,ISS,male,white,2000-01-10,2004,162,5261,2016-11-10,2014-06-06,2014-06-06,,,,,4946,2
11661380,73692.0,179,2008-03-11,2010-03-24,ISS,male,white,2000-01-04,743,179,6084,2017-05-23,2016-08-31,2016-08-31,,,,,3095,1
11596884,71783.0,179,2006-11-17,2010-01-27,ISS,female,white,2000-02-08,1167,179,3641,2017-05-12,2010-01-27,2010-01-27,,,,,1167,1
10079537,97620.0,162,2002-02-22,2006-03-29,ISS,male,Asian,2000-01-24,1496,162,2256,2017-05-12,2006-03-29,2006-03-29,,,,,1496,1
10092660,64755.0,162,2002-03-07,2002-12-26,ISS,male,white,2000-01-04,294,162,3541,2015-03-13,2009-09-14,2009-09-14,,,,,2748,2
09709572,64755.0,162,2000-11-13,2009-09-14,ISS,male,white,2000-01-04,3227,162,3541,2015-03-13,2009-09-14,2009-09-14,,,,,3227,2
13918048,96069.0,162,2013-06-14,2014-10-08,ISS,male,white,2004-07-28,481,162,3724,2017-05-18,2014-10-08,2014-10-08,,,,,481,3
09777087,99721.0,162,2001-02-05,2002-03-21,ISS,female,white,2000-01-21,409,162,5964,2017-05-19,2016-05-20,2016-05-20,,,,,5583,5
11574624,68678.0,179,2007-03-02,2009-09-10,ABN,male,white,2002-12-11,923,179,5061,2017-05-23,2016-10-19,2016-10-19,0.007042253521126761,0.0,0.13146881287726359,5061.0,3519,2
11085622,62778.0,179,2005-03-22,2009-02-04,ISS,female,white,2000-01-06,1415,179,4288,2017-05-19,2011-10-03,2011-10-03,,,,,2386,1
13578443,73614.0,162,2012-10-15,2015-01-07,ISS,female,Hispanic,2005-01-11,814,162,3648,2017-05-19,2015-01-07,2015-01-07,,,,,814,2
15329043,94609.0,162,2017-01-25,2017-05-02,PEND,male,white,2006-11-21,97,162,3815,2017-05-20,2017-05-02,2017-05-02,,,,,97,4
15024622,62475.0,162,2016-03-24,2017-04-19,PEND,female,white,2005-06-28,391,162,4313,2017-05-20,2017-04-19,2017-04-19,,,,,391,2
12173030,74727.0,179,2008-07-15,2014-09-12,ISS,male,white,2000-01-11,2250,179,5895,2017-05-23,2016-03-02,2016-03-02,0.007042253521126761,0.0,0.09057890650992569,3542.0,2787,1
10871359,94161.0,179,2004-06-18,2008-02-28,ABN,female,white,2003-04-01,1350,179,4386,2017-05-12,2015-04-04,2015-04-04,0.035211267605633804,0.10567979119072912,0.18504323528301175,21930.0,3942,2
11105851,59771.0,179,2005-04-14,2010-05-26,ISS,male,white,2000-12-07,1868,179,5165,2017-05-19,2015-01-28,2015-01-28,0.04929577464788733,0.04175785423912484,0.1490737079061844,27797.0,3576,2
15349575,98771.0,162,2016-11-11,2017-04-24,PEND,male,white,2003-02-14,164,162,5208,2017-05-22,2017-05-19,2017-05-19,,,,,189,4
10498918,59987.0,179,2005-05-23,2017-03-03,ISS,male,Asian,2004-03-02,4302,179,4749,2017-05-23,2017-03-03,2017-03-03,0.007042253521126761,0.0,0.10651408450704225,4749.0,4302,1
10724881,64548.0,179,2003-12-02,2012-05-21,ISS,male,white,2000-01-07,3093,179,4616,2017-05-23,2012-08-27,2012-08-27,0.007042253521126761,0.0,0.14500236714404072,6043.0,3191,3
15055643,76320.0,179,2016-02-29,2016-07-25,PEND,female,white,2000-01-11,147,179,6040,2017-05-23,2016-07-25,2016-07-25,0.014084507042253521,0.009789231844970533,0.12151606824042847,9479.0,147,1
10702344,95160.0,179,2003-11-06,2012-10-01,ISS,male,white,2000-01-06,3252,179,6280,2017-05-23,2017-03-17,2017-03-17,0.014084507042253521,0.009789231844970533,0.12805403851681518,7928.0,4880,1
10982998,97745.0,179,2004-11-05,2009-08-11,ABN,female,white,2000-01-06,1740,179,5676,2017-05-20,2015-07-22,2015-07-22,0.007042253521126761,0.0,0.14654167040459315,4386.0,3911,1
13788768,65567.0,162,2013-03-07,2016-01-28,ISS,male,white,2000-01-03,1057,162,6283,2017-04-28,2017-03-17,2017-03-17,,,,,1471,4
11633823,60706.0,179,2006-12-05,2009-06-24,ISS,male,Asian,2001-08-31,932,179,3547,2017-05-17,2011-05-18,2011-05-18,0.014084507042253521,0.009789231844970533,0.09377870483772197,6659.0,1625,1
10198620,62499.0,179,2002-07-17,2012-08-13,ISS,male,white,2000-01-05,3680,179,5684,2017-05-23,2015-07-29,2015-07-29,0.02112676056338028,0.057570006326374316,0.15686619718309858,12020.0,4760,1
12623797,91423.0,179,2009-11-23,2015-06-30,ISS,male,white,2000-01-11,2045,179,5649,2017-05-23,2015-06-30,2015-06-30,,,,,2045,1
10674196,98991.0,162,2003-09-29,2015-06-12,ISS,male,white,2000-01-06,4274,162,5648,2017-05-16,2015-06-24,2015-06-24,,,,,4286,3
13242518,67500.0,162,2011-09-23,2013-07-10,ISS,male,Asian,2003-04-30,656,162,3724,2017-05-23,2013-07-10,2013-07-10,,,,,656,3
12963929,98822.0,162,2010-12-09,2012-07-06,ABN,male,white,2000-02-28,575,162,6205,2017-05-23,2017-02-23,2017-02-23,,,,,2268,4
10935396,64917.0,179,2004-09-08,2008-09-26,ABN,male,Asian,2003-10-28,1479,179,3655,2017-05-19,2013-10-30,2013-10-30,0.007042253521126761,0.0,0.1083534172065359,3655.0,3339,1
12028123,86928.0,179,2008-02-08,2009-12-14,ABN,female,white,2000-01-06,675,179,6341,2017-05-19,2017-05-17,2017-05-17,,,,,3386,1
09871195,63822.0,162,2001-05-31,2003-07-28,ABN,female,white,2000-01-06,788,162,5062,2017-05-22,2013-11-15,2013-11-15,0.007042253521126761,0.0,0.009389671361502348,2078.0,4551,3
09816574,76271.0,162,2001-03-23,2002-06-13,ISS,male,white,2000-01-05,447,162,3631,2017-04-21,2009-12-14,2009-12-14,,,,,3188,5
13501418,96069.0,162,2012-05-15,2014-07-16,ISS,male,white,2004-07-28,792,162,3724,2017-05-18,2014-10-08,2014-10-08,,,,,876,3
10554366,99125.0,162,2006-02-06,2009-08-03,ABN,male,black,2000-01-05,1274,162,5266,2017-05-19,2014-06-06,2014-06-06,,,,,3042,4
11927235,63225.0,162,2007-10-29,2013-10-02,ISS,male,white,2002-03-05,2165,162,4432,2017-05-19,2014-04-23,2014-04-23,,,,,2368,2
12874815,93313.0,162,2010-09-02,2013-06-19,ISS,male,white,2000-10-06,1021,162,4639,2017-05-19,2013-06-19,2013-06-19,,,,,1021,6
12601547,61790.0,162,2009-11-24,2013-03-21,ISS,male,white,2000-01-04,1213,162,5895,2017-05-23,2016-02-24,2016-02-24,,,,,2283,1
10712663,93178.0,162,2003-11-13,2011-03-14,ISS,female,white,2000-01-03,2678,162,5485,2017-03-10,2015-01-09,2015-01-09,0.007042253521126761,0.0,0.14716658157902637,5455.0,4075,4
13331635,60991.0,179,2011-12-20,2016-03-30,ISS,male,Asian,2003-04-15,1562,179,5146,2017-05-23,2017-05-17,2017-05-17,0.02112676056338028,0.05623813804814704,0.11222947440742012,15438.0,1975,2
14651066,94925.0,162,2015-06-10,2017-04-05,PEND,female,Hispanic,2003-06-10,665,162,5048,2017-05-23,2017-04-05,2017-04-05,0.007042253521126761,0.0,0.007042253521126761,5048.0,665,3
14229357,62284.0,179,2014-03-28,2015-09-02,ISS,male,white,2002-05-03,523,179,4870,2017-05-22,2015-09-02,2015-09-02,0.035211267605633804,0.009033396597076545,0.15236451823523925,19480.0,523,2
11463931,67366.0,162,2006-08-11,2009-07-20,ABN,male,white,2003-01-07,1074,162,3907,2017-05-19,2013-09-18,2013-09-18,,,,,2595,2
10700773,93754.0,179,2003-11-04,2010-02-14,ABN,male,Asian,2000-03-20,2294,179,3618,2017-05-23,2010-02-14,2010-02-14,,,,,2294,2
12970668,94677.0,162,2010-12-16,2013-05-10,ABN,male,white,2000-05-24,876,162,6180,2019-08-29,2017-04-25,2017-04-25,,,,,2322,3
13863140,62661.0,162,2013-04-15,2015-03-20,ABN,female,white,2000-03-10,704,162,6249,2017-05-23,2017-04-19,2017-04-19,,,,,1465,5
11016620,98826.0,179,2004-12-17,2009-11-11,ISS,male,white,2000-01-03,1790,179,3620,2017-05-23,2009-12-01,2009-12-01,0.028169014084507043,0.0322162288149702,0.1608884073672806,16510.0,1810,2
11331662,66663.0,179,2006-01-13,2008-06-13,ABN,male,white,2000-01-06,882,179,6195,2017-05-19,2016-12-22,2016-12-22,,,,,3996,1
15135821,79829.0,179,2016-04-22,2016-05-12,PEND,male,white,2005-11-04,20,179,3842,2017-05-23,2016-05-12,2016-05-12,,,,,20,2
13936048,96898.0,162,2013-07-05,2015-01-07,ABN,female,white,2000-11-27,551,162,5742,2017-05-22,2016-08-17,2016-08-17,,,,,1139,4
12830765,68339.0,162,2010-07-06,2017-01-13,ISS,female,white,2003-03-13,2383,162,5055,2017-05-23,2017-01-13,2017-01-13,0.007042253521126761,0.0,0.007042253521126761,6341.0,2383,2
11412618,96898.0,162,2006-04-27,2011-07-12,ABN,female,white,2000-11-27,1902,162,5742,2017-05-22,2016-08-17,2016-08-17,,,,,3765,4
13307153,94631.0,162,2011-11-30,2013-01-30,ISS,male,white,2003-02-20,427,162,5191,2017-05-23,2017-05-08,2017-05-08,,,,,1986,5
14787197,92329.0,162,2015-10-26,2017-04-05,ISS,female,white,2000-01-06,527,162,6304,2017-05-18,2017-04-10,2017-04-10,,,,,532,3
10702312,60837.0,179,2003-11-06,2010-07-14,ISS,female,white,2000-03-22,2442,179,6235,2017-05-20,2017-04-17,2017-04-17,0.02112676056338028,0.0295820052487718,0.14172715967261473,18705.0,4911,2
10567461,98394.0,179,2006-06-28,2009-04-27,ABN,male,Asian,2004-02-06,1034,179,1907,2017-05-23,2009-04-27,2009-04-27,,,,,1034,1
11548545,60639.0,162,2006-10-11,2008-08-20,ISS,female,white,2002-03-06,679,162,3198,2017-05-12,2010-12-07,2010-12-07,,,,,1518,2
10444876,96527.0,162,2003-05-23,2014-12-24,ISS,female,white,2002-01-29,4233,162,5454,2017-05-19,2017-01-04,2017-01-04,,,,,4975,2
09581289,99794.0,162,2000-06-12,2001-08-27,ISS,female,white,2000-01-11,441,162,594,2017-01-04,2001-08-27,2001-08-27,,,,,441,1
11497608,98771.0,162,2006-08-02,2014-05-20,ABN,male,white,2003-02-14,2848,162,5208,2017-05-22,2017-05-19,2017-05-19,,,,,3943,4
11544142,96532.0,179,2006-10-06,2009-06-03,ISS,female,black,2004-03-08,971,179,4778,2017-05-23,2017-04-07,2017-04-07,0.02112676056338028,0.09050044950554391,0.15510365564171547,14334.0,3836,1
13142350,69780.0,179,2011-06-27,2014-07-10,ABN,female,white,2002-10-21,1109,179,5168,2017-05-19,2016-12-14,2016-12-14,0.007042253521126761,0.0,0.10363532546631138,5168.0,1997,2
11169321,68678.0,179,2005-06-28,2009-05-19,ABN,male,white,2002-12-11,1421,179,5061,2017-05-23,2016-10-19,2016-10-19,0.007042253521126761,0.0,0.13146881287726359,5061.0,4131,2
11838477,71720.0,179,2007-08-14,2010-07-21,ISS,male,white,2000-01-14,1072,179,6326,2017-05-22,2017-05-10,2017-05-10,0.007042253521126761,0.0,0.007042253521126761,3876.0,3557,3
14909336,94631.0,162,2016-02-01,2017-05-08,PEND,male,white,2003-02-20,462,162,5191,2017-05-23,2017-05-08,2017-05-08,,,,,462,5
11681856,92715.0,179,2007-03-05,2007-12-13,ABN,male,white,2000-01-07,283,179,6132,2017-05-19,2016-10-21,2016-10-21,,,,,3518,3
11367092,63816.0,179,2006-03-03,2009-03-06,ABN,female,white,2004-08-31,1099,179,1648,2017-05-19,2009-03-06,2009-03-06,,,,,1099,1
11667170,68364.0,179,2007-05-04,2009-09-29,ABN,female,white,2005-12-08,879,179,3652,2017-05-17,2015-12-08,2015-12-08,,,,,3140,1
11497429,71388.0,179,2006-08-02,2012-06-20,ISS,female,white,2000-01-06,2149,179,4549,2017-05-12,2012-06-20,2012-06-20,0.007042253521126761,0.0,0.007042253521126761,4549.0,2149,1
10752654,93178.0,162,2004-01-06,2015-01-09,ISS,female,white,2000-01-03,4021,162,5485,2017-03-10,2015-01-09,2015-01-09,0.007042253521126761,0.0,0.14716658157902637,5455.0,4021,4
10779069,91956.0,162,2004-02-13,2012-02-22,ISS,male,black,2001-05-23,2931,162,3927,2016-10-21,2012-02-22,2012-02-22,,,,,2931,1
10552937,62064.0,179,2005-10-11,2010-02-16,ABN,male,Asian,2001-12-28,1589,179,5044,2017-05-23,2015-10-20,2015-10-20,0.007042253521126761,0.0,0.14716658157902637,5455.0,3661,2
13257945,94631.0,162,2011-09-20,2013-06-12,ISS,male,white,2003-02-20,631,162,5191,2017-05-23,2017-05-08,2017-05-08,,,,,2057,5
09646936,77348.0,162,2000-11-20,2009-11-23,ISS,female,white,2000-01-03,3290,162,5352,2017-04-14,2014-08-29,2014-08-29,0.007042253521126761,0.0,0.009389671361502348,2078.0,5030,4
14940064,81959.0,162,2015-11-12,2017-05-18,PEND,male,white,2000-01-07,553,162,6341,2017-05-23,2017-05-18,2017-05-18,0.02112676056338028,0.0,0.007042253521126761,12682.0,553,3
14362503,81211.0,162,2014-06-03,2017-01-25,PEND,male,white,2000-09-28,967,162,5963,2017-05-23,2017-01-25,2017-01-25,0.007042253521126761,0.0,0.007042253521126761,5963.0,967,1
09559925,98991.0,162,2000-04-27,2002-08-01,ISS,male,white,2000-01-06,826,162,5648,2017-05-16,2015-06-24,2015-06-24,,,,,5536,3
10560341,99249.0,179,2006-05-30,2009-02-02,ABN,female,white,2000-01-06,979,179,5179,2017-05-19,2014-03-12,2014-03-12,,,,,2843,3
10580532,63822.0,162,2006-06-13,2010-04-07,ABN,female,white,2000-01-06,1394,162,5062,2017-05-22,2013-11-15,2013-11-15,0.007042253521126761,0.0,0.009389671361502348,2078.0,2712,3
11908784,71445.0,162,2008-11-10,2012-01-04,ISS,female,Asian,2000-01-03,1150,162,5597,2017-05-23,2015-05-01,2015-05-01,,,,,2363,1
10977121,91352.0,179,2004-10-29,2010-03-31,ISS,female,white,2000-02-02,1979,179,3710,2017-05-10,2010-03-31,2010-03-31,0.02112676056338028,0.03835780641294576,0.09790230746179203,16133.0,1979,1
11808062,91107.0,179,2007-06-06,2010-02-10,ABN,male,white,2005-11-04,980,179,1559,2017-05-23,2010-02-10,2010-02-10,,,,,980,1
11968787,66251.0,179,2008-01-03,2010-09-15,ISS,female,white,2003-03-14,986,179,4368,2017-04-14,2015-02-27,2015-02-27,0.02112676056338028,0.009578705847809831,0.15103091194871637,13104.0,2612,4
15362034,71760.0,179,2016-11-28,2017-02-10,PEND,female,Asian,2002-08-01,74,179,5402,2017-05-23,2017-05-16,2017-05-16,,,,,169,3
11298983,94774.0,179,2005-12-09,2010-03-29,ABN,male,white,2000-01-05,1571,179,4286,2017-05-23,2011-09-30,2011-09-30,,,,,2121,1
12093090,67500.0,162,2008-09-26,2012-05-20,ABN,male,Asian,2003-04-30,1332,162,3724,2017-05-23,2013-07-10,2013-07-10,,,,,1748,3
11089710,72638.0,179,2005-03-25,2008-03-14,ABN,male,white,2000-01-10,1085,179,5288,2017-05-23,2014-07-03,2014-07-03,,,,,3387,2
11357306,94161.0,179,2006-02-17,2009-03-04,ISS,female,white,2003-04-01,1111,179,4386,2017-05-12,2015-04-04,2015-04-04,0.035211267605633804,0.10567979119072912,0.18504323528301175,21930.0,3333,2
11685817,71655.0,179,2007-03-14,2010-09-13,ABN,male,white,2004-05-25,1279,179,2302,2017-05-22,2010-09-13,2010-09-13,0.014084507042253521,0.019378683448206972,0.10784551056338028,4604.0,1279,1
15237236,94519.0,162,2016-08-15,2017-04-13,PEND,male,Asian,2000-01-13,241,162,6314,2017-05-22,2017-04-27,2017-04-27,,,,,255,7
11443194,66879.0,179,2006-05-31,2009-12-07,ABN,male,white,2005-04-07,1286,179,2954,2017-05-23,2013-05-09,2013-05-09,0.014084507042253521,0.02876835480970932,0.1456141914779818,5908.0,2535,1
11111055,94390.0,179,2005-04-20,2017-02-24,ISS,female,white,2000-08-01,4328,179,6051,2017-05-23,2017-02-24,2017-02-24,0.007042253521126761,0.0,0.1100815418828762,2699.0,4328,1
12103184,92715.0,179,2008-04-15,2009-06-10,ISS,male,white,2000-01-07,421,179,6132,2017-05-19,2016-10-21,2016-10-21,,,,,3111,3
10371953,61876.0,162,2003-02-21,2009-11-02,ISS,male,white,2000-01-04,2446,162,3590,2017-04-28,2009-11-02,2009-11-02,,,,,2446,2
13069239,60286.0,162,2011-03-22,2013-06-19,ISS,female,white,2001-10-26,820,162,4254,2017-05-19,2013-06-19,2013-06-19,,,,,820,1
11577155,99125.0,162,2008-01-10,2011-11-06,ABN,male,black,2000-01-05,1396,162,5266,2017-05-19,2014-06-06,2014-06-06,,,,,2339,4
11043340,64951.0,179,2005-01-26,2016-12-16,ISS,female,white,2000-01-04,4342,179,6267,2017-05-19,2017-03-02,2017-03-02,0.014084507042253521,0.024879753483289604,0.15406501509054324,12534.0,4418,3
11582730,83398.0,179,2006-10-17,2009-08-05,ISS,female,Asian,2000-01-05,1023,179,4648,2017-05-23,2012-09-26,2012-09-26,0.014084507042253521,0.0017996870109546173,0.14843253066787823,9823.0,2171,1
11517834,75954.0,179,2006-09-08,2010-01-11,ABN,female,Asian,2005-04-15,1221,179,3085,2017-05-17,2013-09-25,2013-09-25,0.035211267605633804,0.016037812951208225,0.13171970755832707,12340.0,2574,1
13879887,96701.0,179,2013-07-01,2016-05-11,ISS,male,white,2002-09-14,1045,179,4988,2017-05-05,2016-05-11,2016-05-11,,,,,1045,1
13828090,99047.0,162,2013-03-14,2015-11-18,ISS,female,white,2002-10-10,979,162,4787,2017-05-18,2015-11-18,2015-11-18,0.007042253521126761,0.0,0.007042253521126761,4787.0,979,3
10548960,97481.0,179,2005-09-15,2009-09-14,ABN,male,white,2001-08-31,1460,179,4217,2017-05-23,2013-03-18,2013-03-18,0.007042253521126761,0.0,0.007042253521126761,4217.0,2741,2
12969035,65963.0,162,2010-12-15,2015-04-16,ABN,female,white,2006-11-02,1583,162,3602,2017-05-22,2016-09-12,2016-09-12,,,,,2098,2
10495418,67489.0,179,2004-09-13,2008-09-30,ABN,female,white,2000-06-26,1478,179,3717,2017-05-17,2010-08-30,2010-08-30,,,,,2177,2
11150778,59447.0,179,2005-06-09,2009-08-25,ABN,female,white,2001-12-04,1538,179,5609,2017-05-23,2017-04-13,2017-04-13,0.014084507042253521,9.989012086704625e-05,0.014084507042253521,11218.0,4326,2
11544815,92476.0,179,2006-10-06,2010-01-27,ABN,male,white,2001-02-21,1209,179,3262,2017-05-19,2010-01-27,2010-01-27,0.014084507042253521,0.009789231844970533,0.12758064096222435,8040.0,1209,1
13578959,63225.0,162,2012-10-09,2014-04-23,ISS,male,white,2002-03-05,561,162,4432,2017-05-19,2014-04-23,2014-04-23,,,,,561,2
11424347,72809.0,179,2006-06-15,2009-09-30,ABN,male,white,2000-01-15,1203,179,5802,2017-05-23,2015-12-04,2015-12-04,0.028169014084507043,0.049244618798109964,0.15940214032462674,19349.0,3459,1
11618523,78406.0,179,2006-12-29,2010-04-14,ISS,male,white,2000-01-04,1202,179,3788,2017-05-12,2010-05-19,2010-05-19,,,,,1237,3
11818512,67901.0,179,2007-06-14,2011-01-12,ISS,male,white,2002-01-31,1308,179,4457,2017-05-23,2014-04-15,2014-04-15,,,,,2497,1
10678739,72941.0,162,2003-10-02,2006-05-11,ABN,female,Asian,2002-07-26,952,162,5411,2017-05-19,2017-05-19,2017-05-19,,,,,4978,4
09954867,67208.0,162,2001-09-18,2015-02-06,ISS,female,Asian,2000-01-07,4889,162,5509,2016-09-16,2015-02-06,2015-02-06,,,,,4889,1
11931330,62498.0,179,2007-10-31,2009-08-26,ISS,male,white,2000-01-11,665,179,5987,2017-05-20,2016-06-02,2016-06-02,,,,,3137,1
12095076,89192.0,179,2008-05-27,2010-09-29,ISS,male,white,2000-01-03,855,179,6192,2017-05-23,2016-12-16,2016-12-16,,,,,3125,1
11271835,93896.0,179,2005-11-14,2009-08-05,ISS,female,white,2002-05-21,1360,179,5455,2017-05-23,2017-04-27,2017-04-27,0.06338028169014084,0.12277183409937376,0.18604077293952392,49095.0,4182,3
09843466,98697.0,162,2001-04-26,2003-06-05,ISS,female,Asian,2000-01-11,770,162,1241,2016-03-04,2003-06-05,2003-06-05,,,,,770,1
11619088,69866.0,179,2007-01-02,2009-08-26,ABN,female,white,2000-12-06,967,179,5404,2017-05-05,2015-09-23,2015-09-23,,,,,3186,1
11276144,98014.0,179,2006-02-15,2009-07-13,ABN,male,white,2003-08-05,1244,179,4690,2017-05-22,2016-06-07,2016-06-07,0.007042253521126761,0.0,0.12303231151615576,4690.0,3765,2
11708449,69010.0,162,2007-02-20,2008-05-07,ISS,male,white,2000-01-19,442,162,5756,2017-04-28,2015-10-23,2015-10-23,,,,,3167,2
12218265,92869.0,162,2008-07-10,2012-07-04,ISS,female,white,2002-07-08,1455,162,4523,2017-05-19,2014-11-25,2014-11-25,,,,,2329,5
09883033,60059.0,162,2001-06-15,2005-03-16,ISS,male,white,2000-01-18,1370,162,1884,2017-03-31,2005-03-16,2005-03-16,,,,,1370,1
11208175,70799.0,179,2005-08-19,2010-02-24,ISS,male,white,2000-01-06,1650,179,3702,2017-04-14,2010-02-24,2010-02-24,0.014084507042253521,0.00479472580161822,0.08479253901789113,7404.0,1650,1
10537161,62751.0,179,2005-05-31,2010-09-28,ABN,female,white,2003-12-08,1946,179,4800,2017-05-19,2017-01-28,2017-01-28,,,,,4260,1
11612481,66344.0,179,2006-12-19,2008-06-04,ISS,female,white,2000-01-13,533,179,3065,2017-05-12,2008-06-04,2008-06-04,0.007042253521126761,0.0,0.01056338028169014,3065.0,533,1
14566465,71848.0,162,2014-12-10,2017-05-10,PEND,male,Asian,2000-02-08,882,162,6301,2017-05-23,2017-05-10,2017-05-10,,,,,882,4
10333624,65536.0,162,2003-01-17,2013-08-30,ISS,female,Asian,2000-01-07,3878,162,6158,2017-05-22,2016-11-16,2016-11-16,,,,,5052,5
14828997,97187.0,179,2015-08-18,2016-08-10,ISS,male,white,2000-01-19,358,179,6048,2017-05-19,2016-08-10,2016-08-10,0.007042253521126761,0.0,0.09680382434861623,5146.0,358,2
11667420,99300.0,162,2007-05-23,2009-11-23,ABN,male,white,2002-09-26,915,162,5163,2017-05-19,2016-11-14,2016-11-14,,,,,3463,3
14502422,64977.0,162,2014-09-30,2017-04-05,PEND,female,white,2002-12-09,918,162,5231,2017-05-23,2017-04-05,2017-04-05,,,,,918,2
11721252,67366.0,162,2007-06-08,2013-09-18,ISS,male,white,2003-01-07,2294,162,3907,2017-05-19,2013-09-18,2013-09-18,,,,,2294,2
12107896,64378.0,179,2008-04-23,2014-07-03,ISS,female,Asian,2005-12-21,2262,179,4159,2017-05-23,2017-05-11,2017-05-11,,,,,3305,1
12249247,98852.0,179,2008-10-10,2010-01-27,ABN,male,white,2000-01-03,474,179,5950,2017-05-23,2016-04-18,2016-04-18,0.028169014084507043,0.011903572736656345,0.14939637826961769,16173.0,2747,1
11331493,68415.0,179,2006-01-13,2010-11-10,ISS,female,white,2000-01-19,1762,179,6288,2017-05-23,2017-04-07,2017-04-07,,,,,4102,2
09585425,66188.0,162,2000-06-02,2002-11-21,ISS,male,Hispanic,2000-01-21,902,162,1770,2017-05-05,2004-11-25,2004-11-25,,,,,1637,2
13699611,97819.0,162,2013-06-10,2015-07-15,ISS,male,white,2004-09-29,765,162,3955,2017-05-22,2015-07-29,2015-07-29,,,,,779,4
12532309,94609.0,162,2010-01-15,2013-11-26,ISS,male,white,2006-11-21,1411,162,3815,2017-05-20,2017-05-02,2017-05-02,,,,,2664,4
12086270,96898.0,162,2009-09-22,2014-11-12,ISS,female,white,2000-11-27,1877,162,5742,2017-05-22,2016-08-17,2016-08-17,,,,,2521,4
14240236,78086.0,179,2014-03-13,2017-03-22,PEND,female,white,2008-01-28,1105,179,3341,2017-05-19,2017-03-22,2017-03-22,,,,,1105,2
11920293,77791.0,179,2007-12-07,2010-09-24,ABN,male,white,2004-12-16,1022,179,4500,2017-05-23,2017-04-12,2017-04-12,0.014084507042253521,0.046948356807511735,0.10990625280344486,9000.0,3414,1
11893060,96073.0,179,2007-08-14,2010-01-13,ABN,female,Asian,2005-02-07,883,179,1801,2017-05-22,2010-01-13,2010-01-13,,,,,883,1
10544680,73777.0,162,2006-05-15,2009-09-29,ABN,female,white,2000-01-04,1233,162,3556,2017-05-18,2009-09-29,2009-09-29,,,,,1233,1
10749742,59776.0,179,2003-12-30,2010-06-18,ABN,male,white,2000-01-07,2362,179,6195,2017-05-23,2016-12-23,2016-12-23,,,,,4742,1
14071407,64851.0,162,2013-11-04,2015-09-28,ABN,male,Asian,2004-04-16,693,162,4182,2017-05-23,2015-09-28,2015-09-28,,,,,693,2
10380169,99578.0,162,2003-03-18,2012-11-19,ISS,male,white,2000-01-05,3534,162,4702,2017-02-24,2012-11-19,2012-11-19,,,,,3534,2
12497583,61529.0,162,2009-07-03,2014-11-19,ISS,female,Asian,2000-01-05,1965,162,5504,2017-05-19,2015-01-30,2015-01-30,,,,,2037,1
13735757,93051.0,162,2013-01-07,2014-11-14,ABN,female,Asian,2004-02-11,676,162,4251,2017-05-22,2015-10-02,2015-10-02,,,,,998,3
11050682,62284.0,179,2005-02-07,2009-11-09,ABN,male,white,2002-05-03,1736,179,4870,2017-05-22,2015-09-02,2015-09-02,0.035211267605633804,0.009033396597076545,0.15236451823523925,19480.0,3859,2
11570076,60639.0,162,2006-12-06,2010-12-07,ABN,female,white,2002-03-06,1462,162,3198,2017-05-12,2010-12-07,2010-12-07,,,,,1462,2
11445761,98014.0,179,2006-06-02,2010-02-16,ABN,male,white,2003-08-05,1355,179,4690,2017-05-22,2016-06-07,2016-06-07,0.007042253521126761,0.0,0.12303231151615576,4690.0,3658,2
10574187,65252.0,179,2007-02-21,2010-04-21,ISS,female,Asian,2000-01-06,1155,179,6299,2017-05-19,2017-04-05,2017-04-05,,,,,3696,1
11851819,78051.0,179,2007-09-07,2010-08-18,ISS,female,white,2005-03-08,1076,179,4357,2017-05-23,2017-02-10,2017-02-10,0.007042253521126761,0.0,0.08275914479683857,4357.0,3444,2
11081650,64951.0,179,2005-03-17,2010-07-07,ISS,female,white,2000-01-04,1938,179,6267,2017-05-19,2017-03-02,2017-03-02,0.014084507042253521,0.024879753483289604,0.15406501509054324,12534.0,4368,3
14421440,71760.0,179,2015-02-12,2017-05-16,PEND,female,Asian,2002-08-01,824,179,5402,2017-05-23,2017-05-16,2017-05-16,,,,,824,3
13406728,75629.0,162,2012-02-28,2014-05-07,ISS,female,white,2003-02-10,799,162,4364,2017-05-22,2015-01-22,2015-01-22,,,,,1059,2
11123607,67998.0,162,2005-05-06,2009-06-12,ISS,female,white,2000-01-11,1498,162,6203,2017-05-22,2017-01-04,2017-01-04,,,,,4261,2
11241133,95065.0,179,2005-09-30,2010-04-21,ISS,male,white,2000-01-07,1664,179,4282,2017-05-12,2011-09-28,2011-09-28,0.007042253521126761,0.0,0.007042253521126761,4286.0,2189,2
14250329,60321.0,162,2014-04-10,2016-01-13,ISS,male,white,2001-03-16,643,162,5570,2017-05-23,2016-06-15,2016-06-15,,,,,797,4
14201123,71177.0,162,2014-03-07,2015-04-02,ABN,male,white,2004-04-21,391,162,4769,2017-05-22,2017-05-12,2017-05-12,,,,,1162,4
11858371,66447.0,179,2007-09-20,2010-07-14,ISS,female,white,2004-02-03,1028,179,4726,2017-05-23,2017-01-11,2017-01-11,,,,,3401,1
10997279,99535.0,162,2005-07-01,2010-07-26,ISS,male,white,2000-01-05,1851,162,4325,2017-05-12,2011-11-08,2011-11-08,,,,,2321,2
11851694,86502.0,162,2007-09-07,2012-08-11,ABN,female,white,2000-01-10,1800,162,4597,2017-04-07,2012-08-11,2012-08-11,,,,,1800,1
11033547,62253.0,162,2005-01-10,2006-05-24,ISS,female,white,2000-01-04,499,162,4642,2017-04-21,2012-09-19,2012-09-19,,,,,2809,4
13695785,60726.0,162,2013-04-30,2014-10-15,ISS,female,white,2000-10-31,533,162,5097,2017-05-23,2014-10-15,2014-10-15,,,,,533,2
11174000,81959.0,162,2005-07-01,2011-08-24,ISS,male,white,2000-01-07,2245,162,6341,2017-05-23,2017-05-18,2017-05-18,0.02112676056338028,0.0,0.007042253521126761,12682.0,4339,3
10481940,85060.0,179,2004-06-09,2016-07-22,ISS,male,white,2000-01-10,4426,179,6038,2017-05-19,2016-07-22,2016-07-22,0.014084507042253521,0.009789231844970533,0.12391584696690013,8537.0,4426,1
10116737,99721.0,162,2002-04-03,2016-05-20,ISS,female,white,2000-01-21,5161,162,5964,2017-05-19,2016-05-20,2016-05-20,,,,,5161,5
10928251,71086.0,179,2004-08-30,2014-05-23,ISS,female,white,2000-06-15,3553,179,5958,2017-05-08,2016-10-07,2016-10-07,0.007042253521126761,0.0,0.12303231151615576,5165.0,4421,1
12223682,71177.0,162,2008-12-11,2015-01-07,ISS,male,white,2004-04-21,2218,162,4769,2017-05-22,2017-05-12,2017-05-12,,,,,3074,4
10285402,88110.0,162,2002-10-31,2016-05-20,ISS,female,white,2000-01-11,4950,162,6292,2017-05-23,2017-04-03,2017-04-03,,,,,5268,10
12897913,94925.0,162,2010-10-05,2012-09-26,ISS,female,Hispanic,2003-06-10,722,162,5048,2017-05-23,2017-04-05,2017-04-05,0.007042253521126761,0.0,0.007042253521126761,5048.0,2374,3
14268891,75629.0,162,2014-05-02,2015-01-22,ABN,female,white,2003-02-10,265,162,4364,2017-05-22,2015-01-22,2015-01-22,,,,,265,2
15210019,89557.0,162,2016-07-14,2017-05-18,PEND,female,black,2001-12-19,308,162,5629,2017-05-23,2017-05-18,2017-05-18,,,,,308,1
10936910,65260.0,179,2004-09-09,2008-10-27,ABN,female,black,2000-01-04,1509,179,6292,2017-05-23,2017-03-27,2017-03-27,,,,,4582,1
11232287,93313.0,162,2005-09-20,2010-08-25,ISS,male,white,2000-10-06,1800,162,4639,2017-05-19,2013-06-19,2013-06-19,,,,,2829,6
11535735,66886.0,179,2006-09-27,2009-12-16,ISS,male,white,2000-01-07,1176,179,4192,2017-05-23,2011-06-30,2011-06-30,,,,,1737,1
10493316,64915.0,179,2004-05-04,2008-06-09,ABN,male,white,2002-12-09,1497,179,4768,2017-05-18,2015-12-29,2015-12-29,,,,,4256,1
14653570,83617.0,162,2015-06-18,2016-08-31,ISS,female,white,2000-10-13,440,162,5801,2017-05-23,2016-08-31,2016-08-31,,,,,440,2
13566230,78086.0,179,2012-08-03,2016-06-27,ABN,female,white,2008-01-28,1424,179,3341,2017-05-19,2017-03-22,2017-03-22,,,,,1692,2
10592804,63717.0,179,2006-09-14,2009-05-27,ISS,male,Hispanic,2002-08-29,986,179,5249,2017-05-22,2017-01-11,2017-01-11,,,,,3772,1
11154193,94677.0,162,2005-06-16,2010-02-22,ABN,male,white,2000-05-24,1712,162,6180,2019-08-29,2017-04-25,2017-04-25,,,,,4331,3
13722507,62951.0,162,2012-12-20,2013-09-30,ABN,female,Asian,2002-02-05,284,162,4255,2017-05-22,2013-09-30,2013-09-30,,,,,284,1
09937125,61417.0,162,2001-09-17,2003-07-30,ABN,female,white,2000-01-07,681,162,2078,2017-05-19,2005-09-15,2005-09-15,0.014084507042253521,9.989012086704625e-05,0.014084507042253521,4156.0,1459,3
10597498,64890.0,179,2008-08-14,2009-08-13,ABN,male,Asian,2005-09-15,364,179,3499,2017-05-19,2015-04-15,2015-04-15,,,,,2435,1
09602784,78477.0,162,2000-06-23,2002-08-08,ISS,male,white,2000-01-12,776,162,939,2014-08-08,2002-08-08,2002-08-08,,,,,776,1
14173170,75034.0,162,2014-02-05,2015-03-18,ISS,male,Asian,2000-01-04,406,162,6065,2017-05-19,2016-08-12,2016-08-12,0.007042253521126761,0.0,0.007042253521126761,5048.0,919,5
10537677,76081.0,179,2005-06-06,2012-08-27,ISS,male,Asian,2000-01-11,2639,179,5867,2026-01-04,2016-02-03,2016-02-03,0.007042253521126761,0.0,0.1173828686404139,6036.0,3894,1
10537172,63938.0,179,2005-11-21,2010-01-13,ISS,male,white,2000-01-18,1514,179,4684,2017-05-18,2012-11-14,2012-11-14,0.007042253521126761,0.0,0.11798483206933912,6235.0,2550,2
12479484,92488.0,162,2009-06-05,2012-12-29,ISS,female,white,2005-12-08,1303,162,2578,2017-05-22,2012-12-29,2012-12-29,,,,,1303,1
10241660,59456.0,179,2002-09-11,2008-09-03,ISS,male,Asian,2000-01-07,2184,179,6228,2017-05-19,2017-01-25,2017-01-25,0.007042253521126761,0.0,0.12347249867721534,5174.0,5250,1
11851100,73327.0,179,2007-09-06,2013-09-27,ISS,male,white,2000-01-10,2213,179,5009,2017-05-19,2013-09-27,2013-09-27,,,,,2213,2
10598696,99424.0,162,2007-06-06,2016-07-01,ISS,male,white,2002-12-06,3313,162,5260,2017-05-23,2017-05-01,2017-05-01,,,,,3617,3
14161785,70458.0,179,2014-01-23,2016-06-29,ISS,male,white,2002-07-29,888,179,5084,2017-05-23,2016-06-29,2016-06-29,,,,,888,1
10897423,95508.0,179,2004-07-23,2008-12-29,ISS,male,white,2001-12-21,1620,179,2565,2017-04-28,2008-12-29,2008-12-29,,,,,1620,1
09646654,99125.0,162,2000-09-20,2010-04-12,ISS,male,black,2000-01-05,3491,162,5266,2017-05-19,2014-06-06,2014-06-06,,,,,5007,4
11351603,71848.0,162,2006-02-09,2010-12-06,ABN,male,Asian,2000-02-08,1761,162,6301,2017-05-23,2017-05-10,2017-05-10,,,,,4108,4
11987645,91210.0,179,2007-12-03,2009-11-04,ISS,male,Asian,2000-01-19,702,179,4275,2017-05-12,2011-10-03,2011-10-03,,,,,1400,1
11243703,77749.0,179,2005-10-05,2009-09-18,ABN,female,white,2004-03-01,1444,179,3796,2017-05-19,2014-07-23,2014-07-23,,,,,3213,1
